meanF0,stdevF0,hnr,JitterPCA,ShimmerPCA
174.44455083107115,4.586179773666696,16.715774164807122,4.345000322629207,-1.8717693742608346
238.07457073958366,44.053187401915594,17.2818360675051,5.510430420632413,0.01226546440675743
192.68394647206225,15.802678822914704,14.853809159644378,1.8557994533520479,1.4800469200393007
125.36613210563716,14.499180409905284,13.016318854348825,-2.602581765324778,1.4152680464192917
127.55341660522431,10.604740442185031,13.324051448413348,-1.4822247357579055,-0.8142394042182628
134.8718983456846,21.18808269039661,14.443765235761274,1.5613684154121474,1.2107542113205036
128.2452438606347,14.937719535717765,12.464202095258557,-3.83411662599846,-1.3685028061956033
125.6623896008134,8.942100281562936,11.091977451898291,-2.2996244101383434,-0.6964964960856719
174.81075022058656,28.410653431233005,12.952487117754044,-3.5382186475047877,-1.7113898075166891
144.1923199939649,13.21378931541394,13.697277108095577,-3.416769709065584,1.0562891921609858
238.07457073958366,18.86141031590869,17.2818360675051,4.427204336522118,-0.43726679883490643
130.1808402672678,24.65862193025119,11.378086422992444,-3.905669747020315,-0.20156085002995933
189.81227071475303,24.388535623531265,15.35310294813294,-3.328364470315588,-0.48959420921235636
122.39100292006768,31.03299198661901,13.11671672059185,-0.7321504707731114,0.07830729580299761
127.05335701894046,11.60034671648744,13.255326215957284,-2.354558857047479,1.195522543869073
230.3165628475713,33.058561461779426,17.2818360675051,1.782090564002677,2.4843339864327403
196.0104481675105,15.371357227857644,15.10366593049442,1.531767181945405,0.5926704999139865
178.0527737705385,26.795499808873306,15.899633540794088,-0.40620698318938225,-0.016624326898736202
193.0741790844752,31.408536201975508,12.514985892132644,0.9839709307567226,-0.6357398896290289
194.00835715880712,26.299280265043112,15.96407509028998,-4.828253047359281,-0.21268654657104397
173.6066780624941,19.104647761859063,12.7321044684654,-0.7687876933859588,1.2603243573032168
124.54358453241566,8.04928966692668,12.746687994934112,-3.4240931430270294,0.7564202887578774
173.07158860999195,44.053187401915594,11.306965403881046,-5.119856792835002,-2.7896864576509786e-05
229.61769603247305,44.053187401915594,17.2818360675051,2.44805604420709,0.026722793730395288
143.31914329454443,14.317880030495653,17.2818360675051,-0.36802591378388994,1.5620835630505325
166.37797282821606,20.666938494465143,15.897647781632733,2.329971463726321,1.76015393677128
122.72193801595373,10.31117275777886,13.93570645647919,-1.3442486671986735,0.1858490866641302
188.36349490357577,14.586965993478929,15.262308579845364,-3.98994037662932,-0.19044771383985168
133.53325851569144,43.41004536073756,12.64263600796632,-3.094118324974471,0.73738202722903
162.87300455114507,31.740773167802427,10.501708861639218,-4.5656288824850915,0.08991669530258674
123.08862334853414,12.812085154619428,11.958897681660542,-4.350798763088571,-0.6559861806004788
128.18770662567124,6.412432245316443,13.199796738302323,-1.6517870305028268,0.3899350316536224
145.01058813654404,14.342290963178494,6.81643849804625,-5.1473725072643735,0.01871002731393488
125.65979028682952,44.053187401915594,13.85120298759075,-2.7348565331621066,-1.1736733445540515
175.79427647504266,35.40383020879165,17.2818360675051,3.35311039317526,-0.7783955473889801
119.7854680652008,10.035633903859932,14.003519854565004,-0.10057154075627571,1.1173450536458456
180.57997178530448,31.00806132968226,11.097979797241548,-3.3469133315014963,-0.5204583680804049
189.4518189721492,26.46100476166613,17.008684072766933,-1.17296654992962,-1.4740649329573987
122.2071548332908,14.319406976657593,11.61997542127058,-1.971660117184868,-0.5925219919116896
108.11498679153952,4.067097792293352,9.9757849839275,-4.970435820061702,0.2044358678584849
162.32612223278943,33.85444512922553,13.56688596179595,-2.066638148480455,2.5727097187758305
212.09604784967289,20.816075327500013,11.766771234131625,1.6982300361627367,0.07838473088769163
128.83281835832616,14.141758328188155,11.916171938597422,-1.5928396881075508,1.3718590380967033
134.21149803249736,44.053187401915594,11.48742136463229,-2.7363662489312626,-0.7913943625492653
197.77789000499263,16.667674337607256,9.616528083722846,2.2600373359967163,-0.31842964512319827
116.291420906572,11.762670418275018,10.863104142677363,-0.179199472105732,-2.7685530406827845
238.07457073958366,26.58195381870893,9.696061190144118,-4.494040388170992,-0.4262025604504476
159.7524834190435,7.504020073036035,11.49261608069873,5.39352657546683,-1.8037276642981634
238.07457073958366,33.44896881061409,14.785091933987996,3.256074203188132,1.9666345628896966
200.08275495169303,11.20677124070869,17.04457521591349,2.288738824925288,1.0943948491097348
115.57918919753598,44.053187401915594,11.57055213442398,-4.403968184887477,0.7833508714667361
182.24056804581227,14.077440285075191,11.049510112664654,-3.7350348045262183,-1.4662354800817359
104.22856922240187,4.958329077082063,14.369462701257776,-2.09632318738395,-0.9885221606945913
92.64825216085455,9.276378211533515,12.151659041750747,-0.14915149858657262,0.7269699758085151
120.3554590519177,9.58570282937903,12.458835057822853,2.1332900465366893,-0.24499345364579136
151.6947187121743,16.914684583781536,16.44343629390508,2.6309378121548117,-1.0310581992418333
199.06120117676105,23.593093826196824,16.366190880556662,0.8603129422545318,-0.9556388301989711
131.82632069663788,14.9406977797187,9.815716838225478,-2.7323008833454816,-0.2040239821846528
224.89648791944384,32.42970727824661,14.535022248997866,5.0833945536997645,0.2458674810052986
93.01417057314931,9.442111531087011,13.019803153131724,-0.006960469118233538,1.4922422177691899
133.43383563967774,44.053187401915594,15.844808009068592,-0.8817766971386855,0.8068319382445954
119.1284907937526,7.09906250811435,9.514807638472,3.8179210694763195,0.5356203891829514
179.0602112522614,22.49419371178847,15.172270270676083,-1.9305565859244451,-1.8505405467685332
170.2294087729423,8.375385023148775,14.46751859247426,2.97709697873473,0.41417857958828824
208.5735246631285,39.30488802960289,17.016632074456492,1.7435004919599786,0.7274969328841846
219.39039489695165,13.889726829017624,17.2818360675051,6.833849287258384,0.508507330938215
120.80763334846972,19.54642096002264,10.59154879055275,-1.7077892196022726,-1.0562971555412175
188.40296004472185,9.291393615787756,12.911519887096087,0.15318139368930292,-0.16728787774524947
105.62442561962996,44.053187401915594,14.18199329423027,-0.6520480599180293,2.547175422646858
131.94542235716236,17.286112049082696,13.636223080785864,-0.5511759734721252,-0.5799664454586339
130.52418649836713,14.200747074317178,13.53143194289038,0.16148132864015236,-0.45330436759112713
123.69572852938197,11.299642698983623,11.931261382616482,-1.2997977654339175,-0.48396425482121463
130.25618750799032,21.669247537290666,13.99621990175328,-0.6679859606513936,0.16922962007592326
210.7645325551165,24.99565322080407,17.2818360675051,-0.5844780117417439,2.173956356547846
114.75911439253912,7.465479709225359,13.06030568495426,-0.8151074631649267,-0.3945834255267321
122.20747393351134,4.549655923815083,17.2818360675051,4.861313562479437,0.08817845230004431
121.5381110780151,9.349837282805776,13.214428386433513,-2.644275857391132,-0.42216468774071764
192.9440272249749,17.38272600208402,17.2818360675051,-2.3472320940686564,1.6876938568848394
201.0375683482032,9.850065140155165,15.777712326620348,0.530446257802654,-3.507239828492804
132.2966437399125,12.072938250947182,9.799572085424682,-3.181411604371625,0.8515295738944437
207.56304799636808,44.053187401915594,10.353042630849648,-2.641242307821937,1.9564233449945128
190.47592596396865,16.512182608668397,15.700880286246813,0.5811593298592117,-1.0815347108104807
202.52374890690368,44.053187401915594,12.955328634569144,-3.0739913311073566,-1.7083236801375725
180.2228883319981,23.717887000814603,16.714761019580102,-3.3232355475720077,-0.06478046180179912
121.6919254955878,10.415612601382296,10.722392885642067,-1.2026003103481544,-0.028133886932632916
182.5920889454193,24.04825546796456,15.873175591090789,-1.5979706900945874,-2.7287486968330086
118.24542320396274,14.100923811447464,8.904276310117364,-2.6655436662287824,-0.0191572795076969
132.0296275883764,12.062114088818133,12.557774729406352,0.5080769427127246,-0.5473280672982676
141.73722090395006,21.44822015034821,13.87564833308329,3.5765900269530086,-0.6421324895971767
197.118008135854,10.020948469638832,17.194450010187364,2.001529905247611,-0.3204848333559672
132.0598761545179,5.120039179644956,17.2818360675051,1.8714002118527566,1.9004167529836788
232.31751077560344,24.018594460405765,17.19470236877664,2.513593575589851,-0.16342514338190584
127.7967828335202,18.872044678154168,11.597909518743805,-1.331938232677495,-2.0508854250503217
129.4542825785408,9.52472750206093,12.773075362521007,-0.24367485938384734,-0.15775572823769501
108.15990001581788,9.921206179356613,12.502559941458925,-3.285273549262089,1.5550052886939174
143.1163752226622,37.66533162673185,10.779315506701016,-4.756117110932407,-0.43070863989075253
110.70625736036511,10.102388735511813,9.890545043879229,-2.8063159039721617,1.4779023035226198
127.73986351811538,13.40828790793612,12.280608729606207,-2.646197260095415,1.0590534249064394
133.65763921024023,5.708039260703794,11.834952094243114,-2.5723001492396573,-2.887264814957006
221.22333492067943,35.611801053586575,16.7786990485134,3.4259647212333713,0.00747950015197444
122.1901023227984,20.5744536675772,12.399276510665556,-5.11138109993477,-0.0200069800042391
129.6668204844087,37.99555203099822,11.179591837203423,-3.552366543423946,-0.49350634120139747
141.6941979297411,3.19997475934105,13.26962344610656,2.146113769088401,-0.3775824318121998
197.9567614101658,15.846285417262033,17.2818360675051,1.6674231955401417,-0.08373321803936265
207.16313649124123,44.053187401915594,6.667370226612182,-5.0659449855775005,0.11162695747939455
107.3551886004935,7.661655592880362,9.749210514813884,-2.3181192213854263,0.22499391731545954
228.16444597143632,36.19042715257142,11.951317472603884,1.8114748711487196,1.7411191567291664
180.70476654650977,19.811819399101207,14.10375281260665,-3.2452387708116883,-1.817824496496379
122.9252305742337,8.232303479772453,14.867126476422506,-1.7447692388614642,3.006037399566744
122.549767830809,8.515274547871845,12.389032697773708,-1.1224806264373028,-2.5891530887560945
108.9777181444286,11.14539977583908,9.101720187277335,-3.566739391639674,-0.3182265562737051
186.1415123100016,30.75393621514649,16.847597372253926,-3.202018968906307,-0.7174229325571397
179.55259192339994,37.61344915880077,17.2818360675051,-0.6187881309555057,-1.1121378323253324
125.01821224307773,11.865401939666487,11.918032463410352,-1.5106629798753486,-0.3382853971440977
214.832693415474,38.07203418176074,14.392921600320705,0.6068217158537421,-0.1720563022931032
134.53496804009555,15.519742788849207,10.43206161659907,0.21417049929127313,-0.3316538239631012
126.48140908303832,8.971894043990682,13.308495442248,0.25911050913280226,0.15033910702216702
191.35015464087945,11.490819834959506,9.8102685420581,-4.094060616468415,-0.7753726114526579
134.88687254706574,11.903949774969917,15.956663289322137,0.8973214051332781,-0.6984218002522171
125.57709017323091,8.285207295667464,11.335503657575414,-3.7047634842220845,-0.6628123009813047
196.36106686810984,19.83461311690293,17.2818360675051,-1.5711324265464541,-1.3736777386042434
238.07457073958366,40.607264062641136,15.820595074692177,2.9084173039043386,1.0604020355286528
129.0216837382042,12.53860436702518,13.321996969174275,-1.6600298842169219,-0.7442893193718202
209.5565631315906,44.053187401915594,12.18705731825736,1.4528125340646614,-0.5445938676309344
122.71904207002336,30.758599158410256,13.766081603971342,-0.631852131961029,0.8270690116033061
116.58372909417292,10.112253927696608,11.732502511751632,-4.445361975834038,0.39727640928508956
203.59970715105655,39.61610887336285,9.666939367768007,-0.9331452806195357,0.749595606510496
210.55313299732728,43.608567367121225,10.988774467699018,2.813568670679343,0.8556088915485055
114.78994167423552,25.447314506567523,12.154108373882048,-3.0353706249676384,1.2020009113976091
123.83528815668296,13.675883375054411,10.248557563346465,-1.1739539697982089,0.7739625015036544
134.13220143847016,36.93947687076206,11.239267104555156,-5.0427895961355045,-0.12511398956122674
224.90452985928584,36.2883317262259,15.036934640972325,3.2409802722634073,1.3031694548606443
126.04038986342836,10.889429102628796,13.253495600328153,-0.39658211776295643,-0.43428618237607935
116.71351671390788,5.438473912630047,11.515540751372296,0.4705379019955837,-1.180067405398896
118.52286843686444,9.13631006511106,16.092943342127565,-0.8642629550305873,2.5866188639378995
199.77941191533344,32.49647352126856,14.811762012401198,-3.9234011469332106,-0.20694596936280865
112.1942258283096,12.488746266156054,10.06630796265378,-3.4901685931622164,-0.42359897164876403
205.64123803263035,17.709118876660295,14.721132571325574,2.2331250880096354,0.9270292138280004
199.9638286161716,29.43427281613045,17.2818360675051,1.9099384989863715,-0.6452884892191247
168.2796428782524,6.797445658864638,17.2818360675051,1.5674761445326568,-1.8076619366129618
232.76853890989253,37.33386595223397,13.15318183953935,1.8243202931704094,1.9730931877316162
238.07457073958366,44.053187401915594,15.579705706194371,2.78598890587317,-0.6886662666641765
133.38914570129333,18.205134268860004,12.494354637241134,-3.4919292208121058,-0.9375723745189546
106.78968417713808,12.045634684767352,9.164554673822789,-4.822355183521854,0.3228755897784318
195.4075309771769,25.1340368715808,16.128792821453214,0.2252526557063048,-0.710703496948277
183.9932671665888,35.33058096272767,17.2818360675051,0.0919203122240795,-0.0027620213610264088
116.45156788601128,7.823846562317443,13.780237425998996,-1.2802400866091497,0.22336075082605752
120.3508854511008,11.819612371126302,13.363278789245957,-0.634184769410173,0.08102686236676768
238.07457073958366,6.677235213107664,17.2818360675051,5.399496772544988,0.6947561322272932
123.33538218788246,26.99165220602869,12.385184184379906,-4.269767819560488,0.770358515410076
193.86590769447693,10.080750358658204,16.378611260975095,2.9691699434859586,-1.7060004842760437
185.88970700795704,3.820550710026376,11.748087986452944,1.893159582623553,1.3751116019721306
129.00721872254232,24.98201278922952,11.119418816766986,-0.987049886809986,-0.7867746367671683
219.1910076979984,15.42405988256363,16.934171315072845,3.039871375254736,1.1331755279438631
220.3793748005049,44.053187401915594,12.304875862512375,-3.4812675617693163,-0.2833530457970278
137.41287315449756,21.17863839045127,10.424242711113386,-0.5481524129048545,-2.2384140296141375
172.25860478751144,17.283560714215575,16.1502442421966,-1.12300354329256,-0.47836312379671175
122.39055458882086,9.269384263655043,14.824929951400495,0.05991954741137696,-0.8244341645131326
113.09836647643596,6.891883459578926,11.58928680625637,-2.4669538513223697,-2.7566980412281215
217.3968329924651,21.95087953900444,15.88109378016701,0.858281144348822,1.529465646039063
129.34041476529129,24.164927091227373,12.626412004855023,-2.6702066096090027,-1.390193760567039
130.08033575565946,12.925623482605392,13.636281063306477,2.5001776082118923,-1.2722118319432294
180.7113938240864,19.20743055130333,15.544432268525576,-0.6727716778186386,0.6276800961997886
128.48090549267943,13.928651394464678,14.691821090876598,-1.132362443764072,2.42302292242131
134.66789210564443,11.696482218735126,10.688688642778908,0.004311650435155148,-1.894441177092126
101.54770109896435,10.209203167097508,8.81130101398784,-5.1473725072643735,0.01871002731393488
199.04011413849136,44.053187401915594,10.718808531054842,1.7056080828586317,1.4005398901111876
216.9756884513334,33.49539313583883,11.912723276326677,1.5665513535220348,0.868703257084779
133.97568634500388,27.942154252630598,10.816098736059594,-2.7426252647188076,-1.829562337380477
157.86718555548347,44.053187401915594,14.064396447909443,2.1239791173457676,-1.3242690275985718
219.0725364614968,30.45219303722668,13.773033487861383,0.9284754423385473,-1.9368672301997034
234.44119885272352,28.20266363573735,6.378320510534592,-0.668391100548939,1.7833874989918177
129.1302904257218,22.494713318746506,13.795127691643192,-1.5316675478285708,-1.5610639775702104
111.05012275120484,7.857940169528712,10.694189082734978,-4.116563089598825,-0.7260159850734077
134.99556983570355,18.292210567664057,15.244454187883973,0.16499165601951626,1.612723757129031
147.92148969386616,43.8439041864238,14.338750326983302,0.2905218757960075,0.13879899309981553
124.34030051980442,6.517856851995488,16.35153705024593,4.50290582013364,0.35971124145056926
113.36660663195704,13.061917310657364,9.638826846349156,-3.955515004039773,0.9583287170559331
193.6645132014928,18.56790000064942,14.269470012201266,-0.4538884566153105,-0.5817242121362884
121.17733515741922,10.530606915649278,12.702948484827884,-0.9625693336886241,1.3473329881909957
185.21989827685857,22.839578634597355,17.2818360675051,0.8438846017888684,-0.31107802925669314
123.7248823745528,4.171450437765398,14.330495787719066,1.8547434144078432,-0.43251880349052846
121.3797924009376,25.02601084182137,12.287395137991894,-3.4931899013992567,0.3270567415042627
212.1157392123937,18.22537224646064,15.372382294304602,0.07920265573332623,-4.176556803814842
202.59386224932592,16.56856523393001,17.2818360675051,2.5031305991157606,0.01560430231631716
129.42538020333157,14.641739141559556,7.494741529760605,-4.480486766718301,-0.1520882760842122
199.19397525597117,19.11280532023237,15.439944908619406,-1.1924129750740757,2.593507024911289
130.9460769689787,13.122423250459654,13.802245932459616,-2.363689280520447,0.38439828221060607
117.2406124935726,10.415259032120373,6.5069053356275415,-5.1473725072643735,0.01871002731393488
218.6003378349056,43.04273482643394,11.588606583980823,1.3568377154144786,0.32125666697419636
118.00554904288664,9.367712933287514,10.650868041393778,-0.24486192933054263,-2.0648197594766957
215.65111773660692,38.08026759768537,11.18348938970274,0.15138588612466738,1.0322006338785763
215.5715048896232,33.593360468463615,17.2818360675051,2.6234761910981605,0.2743477223315999
132.1563179602266,44.053187401915594,12.7012556132207,-1.6466512623338576,1.0508635375483417
105.05873166282043,10.513482879242106,5.497980643669904,-3.733219651791164,1.0684360119513256
136.51194247517873,15.42690969885765,15.40273377981518,2.9324630122891215,0.0546525552651913
134.05164173557728,8.015420331912383,11.82721480350826,1.5504638932761021,1.7469158144521635
170.01112224766638,25.151730487349745,12.60347131974272,-1.389375349534785,-2.610562571765648
174.67620310611977,44.053187401915594,12.017541977247678,-1.1137771200888622,-0.3155452661728419
151.3260397673163,5.961547014266584,14.73519072408314,2.781815944491117,-0.17601236712211596
228.12428278465387,40.453374983052186,15.165491106626444,0.8954358960700112,0.895266370254778
140.53674239828413,6.606788087323134,11.218213150669252,-5.1473725072643735,0.01871002731393488
126.326251457569,10.674109874140024,10.835749255726242,-1.7611203060351266,0.4279920192976452
121.8194118544819,8.27646415679044,9.578904906821371,-1.7340231052857367,1.665792072383695
199.32811503341395,4.890228238725143,15.963167133678343,3.7428204499797357,0.2886567075132717
105.1732981456251,22.99194933033707,14.099777629508177,-0.143301156148518,2.9748085853492054
205.3850796941868,26.56904869465585,16.592850018778254,1.2560352348161876,1.1277630262939322
160.7819426552307,10.33613248107904,10.53082196786831,1.440711246911812,-0.6082081061753235
238.07457073958366,44.053187401915594,15.342153560643029,-4.907693429381562,0.2922077794302075
173.59776294485894,35.18623097488507,16.328152189861537,0.25791997391274973,-1.2988016655073058
195.3475727944661,3.898871343452946,16.03118365170542,0.26639887762417175,-1.0181156561364515
203.28401563706785,5.578093055306516,14.901051775297605,2.4654654968993746,1.6304964751698083
184.65154840210496,14.670021572935967,15.277209876499075,0.34989277799636953,1.2116082178515581
154.62932728494266,15.854835606760249,15.338072943966742,1.1864672421213738,0.7631496598569777
92.44181912973276,8.923055214498447,11.60071975478861,-0.16954770779975287,2.075407274034919
222.5515068359938,44.053187401915594,15.488847765468066,1.374000076155796,-0.5220312694094751
125.56886832879046,5.49160123826066,8.491368681553347,3.2930323405813136,0.12949564234344996
186.40700612181308,14.370028642316022,15.624511515707596,0.9945910227666643,2.0251589795541483
127.49633985956748,7.438825216578808,14.996164903244898,1.5489804534227112,0.21052026575698043
147.06763970981066,2.8282686698857837,17.2818360675051,3.1726655024224577,-1.505784804206769
129.37131743049642,10.77710992304446,12.754215174865038,-0.06078534487383944,0.12294113081924174
126.60616977417516,25.89744665788905,7.273836728536472,-0.36495950905798535,0.5915432389284098
210.56925902763675,43.01747676544496,15.0342692864614,-0.8777817769848272,1.1248151611434647
223.68583345277827,44.053187401915594,15.327211561962269,1.9734614866230977,1.6376786939746797
222.3071325922528,26.2561817942233,14.563010745125636,1.062545520031276,0.35057410575428677
228.0767129291997,44.053187401915594,17.2818360675051,2.1585194919270685,0.2971083144763812
229.43254385864148,8.047707225305748,17.2818360675051,2.459781542023737,2.1080975315191517
115.14216968000336,8.316522978248466,14.106003103071531,2.534828324496571,-1.4181162278874773
172.86525810644042,25.888549632187708,10.854708135248854,-2.80792816446052,1.0226885408125486
206.85066208863063,15.25590410275157,16.165066078468605,5.096639926254123,0.22610774134242317
208.0726068622075,25.580307897490066,12.68181577330529,0.9753000108333308,-0.5301813036456008
182.6615582468495,16.178616379948735,17.2818360675051,0.7925091506510024,-1.3911447083696937
205.39478276057704,19.42644282915209,10.72600097207346,0.8359307244330048,-2.012498811860187
123.90920031471784,8.987370597635213,11.93761515286512,-3.1642408173879417,-0.4610437799945123
127.71637641500313,39.752293701272805,13.092930367718957,-4.561028399143233,0.6630924464558474
216.4010574654781,44.053187401915594,12.20082221984566,1.0706500089593112,1.0682397706255489
123.82747428479308,6.798666204343083,17.2818360675051,2.5970704691668396,1.2652460870963458
215.34581012822343,43.9392311020642,12.96246955387366,3.108038715288735,1.2171525733416837
152.61361618342806,14.417530608490168,17.2818360675051,-0.17360032677817175,-0.022261261695804477
133.4799435775735,28.083893951116615,12.816637048262695,-2.073006429104755,-1.8070673111621893
195.74969485511156,8.104155145372534,14.823216043959022,4.394731581345723,2.192470241640945
167.01289891772947,13.340245324854372,17.094202581124083,2.360476887049201,2.481432012947384
125.06752348827054,12.471756024045517,13.86158045164411,1.1094127988936426,1.729318214246412
184.38488200405013,12.35034386986992,17.2818360675051,1.16937077071215,0.726234150724969
129.81590440013989,15.882226185121466,7.241976297070018,-2.406804346418277,1.6773110372281244
226.87172565058364,26.1755852409848,13.867754199116009,3.0997821818539553,1.2780600537505236
202.04049408259803,17.988515174206807,14.95975179091966,2.108655381931955,0.0060827882301237165
177.47974952094813,11.769438674477584,11.242957837459532,-4.671370165949009,-0.28121855261588735
112.78981076831111,9.57394133475555,10.504147606789829,-2.8221160817818185,-0.024792762189860963
102.62046364882346,13.859460741185949,14.239776165055812,1.9848533456009672,3.603640100453709
200.71124283975044,16.82641806391649,17.2818360675051,1.946062297469949,0.8546198380737753
126.8517219645242,20.203220289592885,13.71117172459818,-1.341344098010762,-1.359496866382102
219.75759757720937,36.57160411721737,14.75135362942786,1.185424843912838,0.3998029345555775
103.964755959834,8.961854824708533,8.644697210487843,-1.5344682359886017,-1.0740655004580628
200.8381698864558,28.494887044664104,12.47307972590036,-1.467232861837319,1.764383562838186
120.61864877957336,18.27352111808421,10.78119034250399,-3.389314715091525,-1.1484721085282046
207.960819505049,44.053187401915594,12.013646641787917,-1.7357796453160839,-0.8166633021770491
176.697045066374,31.057665228567625,15.624503894071152,-1.6901276663699643,-0.871626599192325
134.34697372624075,22.6563585274477,9.237178332226394,-0.6462323616395094,-1.0517696771352494
146.85517989893378,30.88420434377687,10.74320198451916,-1.2385309633515804,-1.6067677943972793
139.98597671904218,20.180401318416,14.624334246945288,-0.30043605108857,-0.4071126958243508
125.14623565741388,5.809535454680797,14.395900324056504,-1.9796308235003517,-3.3601448295856278
149.7264695976337,7.788147033597546,16.70807380558222,0.8275396716749142,-3.560700517235284
110.45125189126531,15.260448647287468,9.170746047054458,-3.8635605222051947,-1.2075399984876947
124.6051866582574,19.66063749465621,16.56779951621733,-0.029009982663549226,-0.8653148955042237
131.82067689765844,13.106627966133074,11.351685701539882,2.7374432195647023,0.9092501301814276
202.95315130608452,20.33165582851061,10.47656305764187,2.3497190247150073,1.260974396489614
173.1004630052099,44.053187401915594,12.872819729425256,-0.5197776158470446,2.410551968637248
109.6950648954996,9.657805309057858,7.741675009952111,-5.1473725072643735,0.01871002731393488
102.40831786863755,9.718173521492767,10.665477165017077,-5.1473725072643735,0.01871002731393488
99.8250646730321,9.252783839638507,12.526892200617423,0.29218025500152944,1.4025923318075504
130.61344704941862,21.09451937828933,10.9168073093587,-1.9376256735928277,-1.261313222371518
122.84668074519185,2.843711195394559,15.415327619443753,3.828708739497717,-2.8191243652679003
129.77963019102697,8.354792663951272,14.385896327876775,-0.09590919299703364,-0.0856247960722903
121.05959814632722,18.499606245235487,15.838829768054502,1.0818326459911036,-1.6912882547722352
123.13789899611568,8.091103082034955,13.476649215297074,-0.1328470370906424,0.2760141690026546
99.17668650245628,17.190879567845695,12.6372542885312,0.5542877155575343,3.2728588641095486
130.521166136481,13.859146656658552,14.269879184912684,0.3990362243459792,-0.07130478601976598
128.11617550898035,9.207405669796252,17.281832506118974,0.3032302328292086,1.0523817527952612
204.0093633475389,38.33577499256651,14.692056640993124,1.102438329350838,0.006498437465526334
207.1895611928632,15.848363136385096,16.608397841012756,5.902405394978565,-0.8028997603090562
211.62549833272047,33.58711030194257,13.248788276992716,-0.26267922658871345,-0.25056036887902916
238.07457073958366,18.884278330952053,16.634914783889702,1.3760161666179547,0.7454623344653237
129.35513758796748,10.2538726775199,15.33406812095463,-1.9707799580515744,2.4066941374637647
175.31468925095908,15.264780643786,13.79886221890209,-0.2503144301468208,-3.2052568163765476
135.2831283111117,18.088044644162924,12.168990994363828,0.16444715559491965,-1.7445535558238017
114.72765008543767,12.476625440326687,11.093573371186745,-3.9212294102353957,1.2607787686162788
170.34070013899375,19.15982711753838,6.8167016844022426,-3.21434378066839,-2.1787730696101
217.48045818600764,21.40309218665369,14.045452466002573,2.818828678992606,-0.8808311848394185
215.2459878747229,37.73550053111613,15.611678355868277,1.2436334852484496,-0.03724447199884345
94.70477160265136,18.770048012603045,11.292346879627509,-1.1077676310238902,2.2085128262368072
185.87499948615303,25.11342282769797,15.886568616246388,-0.08964727682185682,0.14413497060361674
125.58720478952932,8.962313343533586,12.439040140050825,-4.740841951083082,0.36312330048683
202.96081535898864,13.941487690544337,17.2818360675051,4.31859115159687,-0.89832929038311
182.74601986879605,15.109472375644296,12.992122988050072,-0.8218491262829202,1.1928535858227183
127.3519126090394,10.328870942617815,11.307581644833602,-4.212324410808339,0.7536219225804021
200.86056994377145,38.19876827808667,13.031737364514385,-0.6554894339111553,1.4629553804544784
105.6101682656182,9.351153950420688,4.9200609617943405,-4.327233516676227,0.9261566085347442
130.44111489434565,5.3341134156322845,15.848936612288211,-1.7759286799627347,-1.1419053744531489
218.0264171606942,44.053187401915594,13.73024223094994,-0.19290642491442825,-0.26871763041207125
187.30283745776035,17.88899203243178,17.2818360675051,0.7864867433786891,-0.47649250858727626
201.9476266316911,22.02606852722827,17.2818360675051,0.5924860767972482,2.068647459668878
118.07006740982824,9.63681887079628,10.69964646540028,-4.649193203133129,0.4959447024609482
107.4799747293121,11.002565179804453,11.454368695361,-5.1473725072643735,0.01871002731393488
125.20795164460898,12.83311471590384,14.055524982706316,-2.1283808863391056,1.0534621848380927
226.3265081060459,27.79607551709745,15.666266626163118,2.8063085299425357,0.4986708638617846
221.798864200054,30.279762050143827,15.104765112044028,2.1202824668117217,-0.5217290097181961
101.67189515007344,30.412211880035823,15.352597551301214,1.9223662359351403,2.0771398752671546
109.38236350334606,5.593157748298655,12.712487105311276,-0.7855463340718524,-1.1267952985776988
214.4384732923942,41.721769415110174,14.906528879558657,1.8028691108839447,0.3098962728984715
189.4008986294069,14.356624996399033,12.966110707328506,-2.5301544402994147,-2.543397894848983
124.86811347857268,5.659174610174885,10.28467112289274,0.299713751971434,-2.400971153770825
114.55971213797729,11.523051752132982,14.191470554982711,-4.406560536014604,0.2007087415345747
194.7846112631932,26.84824788551753,17.2818360675051,-0.7754121436104885,-0.9008381474331534
118.6186519083724,9.57061533901949,12.928894947310644,-1.4545533330350013,-0.11521712449144728
120.0633179757309,12.153050215089316,10.074474282205175,-3.8131180056785507,-1.4607502100096188
137.21140051493325,13.631684952887888,12.39770185741619,-1.9468372656818165,-2.182614201715358
124.44230778837508,12.5845691429057,12.048348669136836,-0.8955663856831312,1.9508505470807125
167.64603139097042,10.058958239933483,17.2818360675051,2.4328061054920784,-0.5635951804353817
126.72786415645648,8.495248308670224,17.2818360675051,3.6100147516005294,1.8335881091386146
132.26160488438978,12.394369394133282,14.74424257606405,-1.8544028027557866,0.06686650254612345
110.99904140321458,2.7390075103100457,16.094064700786316,2.973500291731601,-2.4903085902484934
133.13531315218526,14.64947965535206,13.451468610277818,-0.5184356840635633,-2.4648339336766893
105.90078619304884,6.950438721968638,10.00956609843836,-4.75734679661644,0.11028077700755866
97.56519938183264,9.385451826730415,11.19001624884248,-3.3699348591818556,1.6168496314962606
125.967879888036,15.523588777400604,11.92037686154821,-4.902462857079055,-0.3180934645848448
209.39652869915895,12.164162529043953,12.60595622731242,0.942132792041445,1.5960905892987396
177.82783641324428,23.489803156963216,14.263037025459091,-3.14992254503152,-2.1562654150265725
156.89132733850784,14.031242886859513,15.017577732549586,-1.5498798611590108,-1.1775039005917969
141.60810304237498,21.067645573638607,14.260079139843509,-1.1546677939825518,-1.8691763560832169
202.6702342425087,19.53658368965525,16.36908328358189,3.9937590016523026,1.1543411933482968
212.45673296223103,44.053187401915594,14.889371479557104,-0.37877763905447837,1.9223118342846257
226.61137730357163,27.608080523467763,13.077862585064228,0.532438822364618,2.3283710572748446
176.28733944693448,9.795106413806378,16.039985734981222,-2.307591389963651,-1.710307863646173
128.57613091671573,10.686510764052786,10.796044405035444,-1.4963281271276483,-0.1877102007757902
196.4211768592561,26.30802795879062,17.2818360675051,-3.1569428241114545,0.5485112864276336
155.17044047653835,33.54964504058829,9.663785997195149,-1.9129960374610129,-1.0813668015604905
151.9382117340621,32.78861761030897,10.582112550296255,-2.2619048059887032,1.0299249132560648
179.47194681940556,22.925202602302093,9.515284607229995,-2.328359342590719,1.0299682599014155
181.50345714779957,44.053187401915594,12.221264009011223,-1.9738740795733696,2.09146375370151
117.4288606993946,7.097861143860063,13.97547964042449,-0.32546642676660187,0.9913101065350871
207.6352393370879,44.053187401915594,14.648474160663971,1.9742926034065416,0.9591396046664749
129.73206840912786,8.428443877615141,7.446968556656679,-3.92461793578639,0.435847445188309
194.5726247226775,41.975011571694495,10.745543268472996,1.81296101085334,-1.249474409594119
163.1547301823821,15.054670897889237,13.449517576062885,2.838440076922886,-2.129202890320312
148.77289704895324,44.053187401915594,9.205288120580244,-3.037098902200672,-2.1357287294306175
147.43494928164694,29.02444504216732,11.09162100214795,-3.1654465053232506,-0.8843258722017692
238.07457073958366,16.819045291311788,11.145119260496116,2.348346383370899,-0.5827703518081445
159.23494678199853,24.82027481499754,9.233726260186334,-0.9435594231506347,0.5450803245600864
140.22018976978248,17.48650728211718,14.352124203216972,-1.6791514790440825,-3.277244456389546
167.1534775639285,8.282558247887044,17.2818360675051,5.10740065067916,-1.4105973381280394
155.0450810489614,10.780701944476569,5.818481888773429,-0.6910673034081116,0.06368921387646341
160.86413192707053,29.79673957133875,10.440626918736726,-2.443845190455516,-1.5943698319421848
171.82947622529548,22.58607430593232,11.441406388660452,0.03890013538770771,1.3580948746469559
199.10135494543624,44.053187401915594,14.106236189946316,0.33890794386598694,0.6362346530853641
164.9292310371838,8.551124207048,10.762983985021007,-4.731250600246574,0.37124910674056283
238.07457073958366,32.88847264698804,11.224351457545907,2.230491851109583,-0.1766449610979052
180.64110669535327,44.053187401915594,9.409870760441148,-1.8885408304894762,-2.05695125595447
227.7818695664216,44.053187401915594,15.08251947184611,1.555466454337363,2.509928691035992
192.7300767097118,29.882596157941077,11.173652979115534,-2.7228289197111932,1.8834559936905426
155.25401887445656,44.053187401915594,9.744189459984586,2.947917875186802,-2.350035652422446
161.56262670529412,15.44040693932275,17.2818360675051,4.683044661238148,-0.7826067966187475
206.1770241240059,13.11472896184635,12.58925251523689,-0.8643820249454421,1.3960721373570422
196.98525130785163,44.053187401915594,13.184995911540698,0.886764611131123,0.8151024125641089
208.1549730310896,21.42548735971234,10.6776345307437,-0.39716309490551377,0.03203189928111432
156.92974077169626,11.768627334863933,12.14041320461994,2.7372792928149705,-0.6409892420578557
159.64320592198368,11.631336626573656,13.362160758874138,3.266654840857859,-0.37613748992143053
203.73449125962983,5.776566009665187,15.293817771376284,1.1296263076221797,-4.206357106370918
133.8824385232807,24.753094190010717,11.183832792873933,-1.2263830065216346,0.03690163897706449
217.38948606741857,44.053187401915594,12.034865412657023,-3.26303121071751,-1.9778087995746285
227.22087098778704,31.142080702348743,15.06762045765,4.050975026678745,1.6992664748709414
238.07457073958366,30.433337940322478,13.662555273598908,0.9457128805042416,0.22956846220489735
185.6923449124028,43.09808276929633,14.37020425965376,-0.021578149876744085,0.7134588128749363
204.2949641232734,22.891986019301697,10.05531123893089,-3.188327219059241,0.25556058308366775
229.62223722018948,10.34369563699145,13.11057946612919,0.7971233363197171,-0.9562970331873037
180.47319235276868,21.162560975745755,10.749928275305772,-1.517585753889218,-0.8818624909400138
218.6945821426037,44.053187401915594,12.643186587273616,2.2604014092995044,1.4113051491720774
230.6852949353615,44.053187401915594,11.90522325290718,0.20345555984315117,-0.366315225969943
198.0820655786265,3.7973379171175057,17.2818360675051,3.053353110544686,-1.13305474132438
238.07457073958366,28.872015262082897,17.2818360675051,4.461176879096807,1.1221697023430444
238.07457073958366,29.492156965128057,17.2818360675051,4.195270952463859,3.308468311547189
182.9029041442021,44.053187401915594,14.68997035278004,1.8736334282941396,-1.4750392120027356
202.2419167128572,38.0398903959061,10.01391347463944,-3.3597660526318336,1.273981735001941
190.8229795754364,41.16729827523768,9.212760429178006,-4.165299709205295,0.5402113199481215
162.1643526887673,12.907394962466324,10.59977980131831,-4.989076113108737,0.18233099947732367
168.02591019869047,28.87894419493189,10.538312276225096,-1.4362758641518145,1.0215256380521014
227.88845572681825,44.053187401915594,11.542285288993376,-0.3852140801555046,0.8585698165513701
206.59506012766644,44.053187401915594,8.963014315603283,1.6436831522954343,-1.1236552148654713
178.42121938463336,22.936369197431024,12.555988036087768,-1.584958076385361,-0.7038327193515116
238.07457073958366,6.433722067261699,15.63578667352122,-3.5835768913770534,-1.3666495727508943
205.58728817297435,24.17086378579444,15.989543245305605,1.3662320153301308,-0.37463411434188076
191.97928044995496,31.219936979750656,11.93463902057293,1.7333290404665178,-0.29953174016711126
238.07457073958366,44.053187401915594,14.942256230997549,1.027056248328792,-0.598726912679171
167.23398197072385,9.459518344501037,8.56127949614447,-3.6450121851034742,0.9133100222640417
170.20441982274411,8.554421237373766,9.516817532290258,-1.8046976277304472,2.619533160028664
166.30111162987717,31.104569363590297,11.456232804653991,-1.564425859577366,-0.9977620070874185
207.86860542130984,39.17487972007861,15.72473720907677,2.8404561110213695,-0.7898259585499203
184.8563504036,25.70319948746754,8.913849435994786,-1.9969824683896504,-3.577720811700647
238.07457073958366,26.35486472774585,8.846822421645616,-0.8636202310600284,-0.783965740636496
188.4960324986028,14.278994618808383,17.2818360675051,5.887894327561929,0.22832497033740293
214.32882465987376,19.89986773088933,17.2818360675051,4.692370758681408,-0.4713177106045483
186.43932879903332,28.19695559607477,14.743948422341528,-1.5252742010350204,-1.1314717106749062
207.780494970449,44.053187401915594,12.405712734361572,1.1815094543054314,-0.5609912896318218
187.17462230783937,44.053187401915594,11.77172587191148,-1.760383444044541,2.1738275195221126
186.52563953576387,33.8598454346209,10.136268109288412,-2.3440401982309758,-1.8139440750892646
192.37011699007343,12.885211546166818,5.297700467096249,-3.5117870167041336,-1.3170190538786
238.07457073958366,44.053187401915594,17.15285315005852,-5.040474748414006,0.09148303071228461
188.0546558026097,17.250989148330053,11.6299106088291,-2.2855449113312782,-1.7604731128370916
238.07457073958366,44.053187401915594,6.8360160181249325,-2.4932718722526013,1.3833635835472604
238.07457073958366,31.327343501411697,11.415098908998637,1.2807929935443034,1.6829698180751835
190.67304579708104,43.13967780776008,15.368415227987184,-0.3449672345711442,0.9839638660024311
191.0140081586979,27.40412054405736,17.072863211696884,1.696206876658787,-0.9650658673087134
196.25277806261212,8.4149363329746,8.385878530958747,-4.048421032505223,0.9084907457029
228.29830747622623,44.053187401915594,10.018803331877669,-1.7911077251911662,2.363838589481559
203.2699178993005,33.13336832424286,13.353426044653729,-3.4334200082802275,-0.08050944998926113
214.72276154137185,23.841910520537727,15.227277182975389,4.075456163894248,0.8714678591267601
142.1639609608587,15.810120914753414,13.853384159707236,-4.8154946014431035,0.08892460333675954
177.5022377435577,44.053187401915594,10.650804720941716,-4.4953211308199075,0.6417161034255012
214.44520164920635,39.73021170054672,10.70239378162232,-2.234915360979082,1.6074850025154186
213.51082249795212,8.49004714452093,12.162511391476707,3.197534989529427,-0.13952175207966921
147.05197043627174,13.336710518863494,13.716240295498572,-0.841230394850415,0.4409998722343469
209.4585030632876,36.5930352044844,13.091530617720624,2.6314072579983034,1.5680751604573022
188.38075596999423,18.164088973271834,9.14274028989288,-0.8095271148020852,-2.456010376133931
163.3366267894054,8.164144229792837,11.501500621476008,0.15626717457307032,0.7236032511933443
129.6792252011825,7.989549209572,13.15508836112836,-3.3251479448062393,-0.6184518566620576
146.6927027442649,17.162971842542255,13.930848178313322,-2.6067663190222383,-0.4896936650173983
218.5792635505173,44.053187401915594,14.637932555264532,3.49199769559389,0.05925485522817186
225.97093621316884,16.033909745272183,17.2818360675051,4.3206613518678205,-0.6684035551267689
138.50780646487556,12.715937983566532,8.609159612356923,-3.216529645629189,0.1793627336396362
238.07457073958366,6.59049248292495,17.2818360675051,5.274409730919532,-0.12409208394828515
238.07457073958366,17.30014566270452,12.704447984419945,1.4653159473302637,-2.3201637357629816
179.8165534221646,38.71545446438185,11.161700641687688,-0.3269655713178025,1.4632499630426747
192.86934556821245,44.053187401915594,9.957900587497305,-3.9272325350515014,-1.2781709347574834
233.69757504283425,17.011668297343643,15.962034222821815,2.5646201095537213,1.3424556850179954
165.66614784501004,30.504555171283243,11.43302797476034,-0.39890523928977445,-1.4833738284309044
167.52211275014642,6.7204927843783135,15.640680840190136,4.215393427466964,-0.10828492452474704
129.0700442216968,26.490260370718747,9.422144987855782,-3.292048181994098,0.1856415850667522
210.3298971740692,44.053187401915594,11.46421623897831,-2.1979341036068933,0.228835164695012
226.162175672497,20.70193625514417,10.258298663796584,1.9873121278162447,-0.369531379772659
184.38811360682405,44.053187401915594,12.419768679540066,-3.809375852784907,1.0789916770543155
193.1756432906242,33.115364716518314,16.572181562716615,1.4478333431284804,1.1192914817448187
159.59423615793898,32.36520324468844,13.72365442554512,2.2256542035463056,-0.8516048464067428
194.86152993893896,4.480828017375165,11.39695583556003,2.3404607082164195,-1.0172101609977178
201.8071677302756,43.92416205425644,10.867182098648389,-4.986739474084737,0.20200835221707678
195.1972681332955,21.584762729900376,12.343374477941817,0.5685624142934661,-0.9518355710183987
155.77950642210897,39.53469304287262,10.203141286896768,-2.190917064988917,1.7245179302209714
184.60958891032345,33.450311835980074,5.859181279703734,-5.1473725072643735,0.01871002731393488
220.848350268931,44.053187401915594,12.331751584087815,0.8553934724375408,-3.102655028107535
196.40336111470876,44.053187401915594,13.990160075070454,1.382761667955547,-0.2211519238704047
205.16095063335047,23.9639224446317,13.756923263437542,-0.19718393762042977,0.726590603460785
189.33178212685544,35.2532711681847,9.833036160058306,-4.218924355162152,0.07434409814755753
166.635443232579,12.37177110703646,17.2818360675051,4.155265103571747,-1.2668021091596622
198.65549028784093,28.53672705193869,10.922319186870975,-0.33349140465215643,-0.37120553063674366
158.35941415109582,11.9895949135242,14.742220265049582,2.075081022910214,-2.7251395700654997
158.37586076914735,10.369367092590725,8.569136873091683,-2.785702727211432,-2.5836380099419753
232.68922581412616,11.197172130153868,16.397127474798634,3.0979482935640514,-0.16160060591359035
164.98073340207512,44.053187401915594,8.58125393513823,-1.7258067389821632,-1.3442235181861364
174.62376518630364,15.88868496594944,15.91652152348955,2.2741842014101294,-1.766160720361194
159.53670001577007,6.009755265795849,16.02949115402853,-1.221798973190994,-4.350478952449336
170.5159137327298,17.827550559691247,15.975788308457814,3.6913804995078636,0.2781407836494834
232.22915222984736,30.877736893551628,12.110621689513335,3.584759300760155,-0.46833383070620943
190.32563681247987,10.10793270498706,11.965456076208335,1.2525897477877777,-1.349152033966507
178.7221723401632,7.023653342243314,12.565346628897023,-0.3107103803525604,0.6169259435538069
211.06910358851303,23.502026482100103,11.27040512470598,1.8522377944436441,-0.02004383745139184
238.07457073958366,18.333406732248186,14.198978688331646,4.177828275371007,-0.48545166054806477
205.17089836486923,8.214120491121848,10.701847179718092,0.9345060890441729,-0.10338481561995577
209.82941952385792,44.053187401915594,7.536626903897519,-3.6040023692922145,0.047097490572278335
198.37553364129596,31.01339049103914,10.70773768735806,-3.1049402266438277,0.2050687322759923
201.22549353797356,35.63067594070559,12.89570109871769,4.007942392805879,0.5241386874884998
238.07457073958366,12.158179129962823,11.004524973454986,3.2465215228235516,-0.3076891409137103
226.2277133321801,7.802370083355304,17.2818360675051,5.020858240137636,0.3803663297213608
221.1892937234511,17.738522252676557,9.014623200365024,3.6881765266389053,1.7086409673565974
142.45385443679177,40.59625262054788,11.638636397859903,-4.72134100087259,0.5048545016590521
201.34289852321092,32.63631278205286,11.109158218340394,-0.26657234681019154,0.31246867352411906
229.4380793088281,44.053187401915594,9.607986354086076,-2.192968972095834,0.8434796432524307
179.5142282466458,12.810696677784906,13.67014935771632,0.6331484174542065,-1.6832880192497017
226.346665389936,36.56697871475143,11.548462574866733,-1.2435924401449192,1.2191219823927026
167.46376439699438,15.97350668259258,11.845867695648924,0.146724124155106,-0.09018781364379129
173.54424284806407,7.392910830081511,13.623594086241798,2.0396662476728444,-1.1959601777658422
179.97686554716114,13.892229048805786,12.6363530047646,-2.3240013667917343,2.0817845675075524
199.8078700264462,39.75089622962183,13.740379976370193,3.181328230150583,0.556685434806995
135.56021926005934,13.545322371663705,13.131376905130432,-2.38741895169238,-0.8113878008684223
222.0124665198966,44.053187401915594,14.751967803137944,3.21883284232819,1.019875014919538
199.97594985083867,16.22883204776138,12.481309424509613,-2.8653787262191748,0.7353484740047839
195.1546273261002,21.432429531057632,14.744583278549486,3.5008979806915983,-0.07633427436840508
160.32346767604812,27.091089098418795,13.188882686325666,-0.285229396389811,1.2987894598110403
161.63581503511583,2.279283128344445,12.290200087714402,2.1324896683526853,-2.5838080663408274
162.51751028589456,18.31597095939816,7.28218111322993,-0.554574039839072,-2.778800460879406
160.34958207568823,11.593683677748986,11.855761783153593,-0.4093330151496455,-2.8787996731118395
144.68189737737504,11.502861963266088,12.36731751040028,-0.4773055361398978,0.2511801170681956
164.7674736921013,14.938231012893077,11.024751507998502,1.7302775871125171,0.13233071241765226
189.7886331879637,21.54516638000857,16.520299419235215,1.3422865815555045,-0.7354117976817376
158.1130903715231,19.458122878783666,12.81246518052932,3.378825048343054,1.0602820698146593
191.98793616725288,4.299752534394719,12.509832694207043,2.73589757953416,-0.911375313213169
189.1458276770252,13.871112056217394,14.91906356239098,0.6749401846292888,0.6526166063122708
214.1631338631226,33.47546390747747,16.04164298665014,0.339808319042326,-1.9496768380581018
151.5164065460568,23.616227364669594,9.906142479765204,-1.7981320111230985,-1.4710043254027472
198.8771735848933,23.98497653093356,13.897392233762936,1.526370576288978,-1.4671444887677956
226.68802687140172,44.053187401915594,11.247544935551383,-4.795152930458184,-0.21559191813846254
156.87258076698328,44.053187401915594,9.356198128217391,-2.5748322686660816,-1.2946016547762444
143.9525839259749,11.83614654170329,7.558694983343804,-3.2396508534932775,-0.9618865498957346
214.61077453024785,16.882851561745245,10.639477661068089,-2.091318102282303,2.2044499922799665
135.77217648134712,16.812264366990753,15.739585964201524,2.0493034541418673,-0.7698565332562439
222.9026569909408,33.4525688070173,10.154489224982964,-0.9323234097422985,1.4420362944201919
161.88172038307948,33.52169794508515,9.086109850070551,-1.8962790134023155,-1.2738057234632383
191.5047926375874,34.84523762895169,14.330210881131665,1.9186971537459583,1.4373311961897772
155.15157452861337,25.16839682356571,13.88796275126004,0.37936619900624563,-0.4012571299314699
154.8146550841565,23.8519898075841,15.186595373159768,-2.7886101931712712,-0.4731920496649852
214.1173892332125,44.053187401915594,8.84274435826289,-3.8173459858675507,0.5924251057427237
208.84493945480773,44.053187401915594,11.511755404120164,-1.1539964884637846,2.959225127795231
205.0548559359792,44.053187401915594,16.56373382994669,3.253452649039967,0.9642062592866874
238.07457073958366,26.161025136217734,12.27027618002704,3.619647034368167,1.878203825735322
194.9186243111042,27.53057605589802,10.456678025609657,2.7783097773544903,-0.5889156018921786
193.20998847793757,22.00173363036353,13.98777634064846,0.42426423003239355,-1.2895720677050129
214.8499431354597,23.475249185441587,14.761620552850214,3.965781500003921,1.6504789296041165
160.61650401164223,16.5054237087716,9.778795817080226,-3.3820557542992975,1.597760361746316
183.7787939006265,6.090546757219246,13.66993269044801,2.667366099854775,0.5647733197934255
231.0094182022909,29.41244990099596,14.873116386009936,3.4692590213408745,1.3465947276813361
172.39227007866774,7.896366594623029,17.2818360675051,3.578579134679756,0.5438917984976599
202.6676915294135,26.47274542947932,10.945009305232182,-4.840286959466052,-0.21054604817768094
160.9321223889641,5.766433471056872,8.145472595840237,-3.632316001718444,1.3079796756108932
192.2360005282929,44.053187401915594,9.616455539273618,-3.060361825353526,0.42038136290127825
204.49439473535423,15.1840118510122,16.226551374712535,3.8861095952496583,-0.20677896646749097
207.8683089909485,29.69523332277881,8.262432722146114,-4.019812299401618,0.5160740979358464
145.16930309143478,36.68869284882543,11.53783301107885,3.081256039764689,-1.0310417088626687
189.66760855383592,33.653848141971935,10.925861545313092,2.4207389384657905,-0.5784454938964836
132.0689642231165,9.045055466872087,13.360711602706754,-0.9012216104848776,-1.4052474189744975
138.27985257527342,19.140583060652496,14.92908716108337,-1.3506863994862783,-0.7218776670588621
162.81401539742535,36.686293345536384,12.738344101826335,-0.28888223336272967,1.3690209309505361
220.8855232096904,41.69971635517524,9.787793537384497,-3.2485600852376773,-0.25090456558807805
192.97424436229227,15.14618938337779,17.2818360675051,5.941352381722132,-0.28535947417300506
202.8155657004516,44.053187401915594,9.935063389612342,-4.14685239726195,0.8919646297619295
212.9473562848416,25.115734689060552,11.20546456568549,-2.2052450734624003,0.08038255788403592
174.7708764749811,33.58490471483923,8.247068532521705,0.6809926748544225,-0.11275242413917896
237.4069717619847,33.482895059017416,15.802695013507076,-0.10938501876275797,0.7999965783045595
238.07457073958366,44.053187401915594,10.994170763510086,-2.4558617882400458,0.9011898023786974
225.59897157493165,15.73101403503462,13.668242207022354,2.8120645483281255,0.38662237688084
199.63633666374116,12.395817073828274,17.2818360675051,4.422629941223015,1.0648352689627762
130.44643610418015,18.22533333635311,11.76303285173488,-1.9539871209389728,-0.8558258837258735
169.4751467363186,44.053187401915594,7.690526035915227,-3.405448377458199,0.953249825097412
183.1577417352165,23.39192807225232,15.047627426892866,-1.6131416310569582,0.43986019571276924
222.2437575639838,44.053187401915594,9.50884736758782,-1.9815057810067187,1.8284263640168275
187.1152887895277,33.882210074852104,10.707698782891136,1.9787539008330286,-0.20174785670519496
196.61831604563625,44.053187401915594,12.378224868206791,-0.5090188322234857,0.8172546857594233
192.58682813551167,32.91376147844406,14.288747128536269,-1.0445118881436644,1.326424611975836
203.46431532018204,18.731150199473834,15.470507735613918,1.315916747968141,0.5546666531337439
151.4805572434604,21.22548374085699,13.862819371250987,-3.0618918066319325,-2.0653297092905856
177.2790795055126,14.150212030038984,13.42340384298377,-0.7692600093088818,0.48698717406680464
159.7035039560719,15.115647767358356,10.400683864697378,1.505592686007339,-1.1392061733041228
172.23394945081247,33.00326078890236,11.096763140978773,-2.7802017023451935,1.8960223113364105
140.77708667419304,18.48311980043064,14.582440190604869,2.069553155724099,-2.995366236202753
196.33622559765996,5.810845903416468,17.2818360675051,6.828788178440901,-1.1374523758843018
232.80059574967456,20.173108180773724,17.2818360675051,4.287246618148597,0.7754078932248063
180.9943827383217,11.19734690232026,15.316790226536352,2.8301780052986483,-0.5132432116850437
163.03723270697444,8.828734041548946,8.310843251311391,-0.531151032123,-0.3980679444988138
171.56340141102314,23.12154665012492,12.36327671086906,-1.832122033407482,1.7085405042011657
162.24250805188305,8.214562042165895,15.17180941234182,-2.5449231790804814,1.5956725579701738
197.14366948821063,22.50251514106209,16.596274380204445,-1.0928344718781446,-0.6880529957435387
185.5018449215392,10.601756103494,16.56964043982948,4.278847902365077,-0.0437707512851157
141.48960522344984,20.79635971428249,10.46563307773367,3.745221651231057,0.5834393909989827
152.8655095972791,12.078114502512058,6.773867320678559,-1.8898897307719036,2.5342984128028823
231.28449022466867,14.126271596446667,17.2818360675051,6.204123174255555,0.07986455587473876
185.45341064533477,12.424835359296868,12.738497843879452,-0.525344901830177,-0.8643334552738915
238.07457073958366,22.346831354146147,5.288715661860269,-2.7169134727463247,1.5998273069703286
160.44698981209572,17.63969548643456,10.665455494448542,-2.1132818339869948,-1.738689276322806
219.95537504709097,26.06385500626354,13.855659500359264,2.1970811698710584,1.0971433010859173
183.40340623118607,44.053187401915594,12.146381415701786,-1.9873886132477374,-0.39064962456045293
160.1055108199184,17.241019637207835,9.59433096576004,-2.7222464235562387,0.05425719777638173
158.98619726002482,20.786544105590604,11.205121853580234,-1.3479030055159977,0.5454892858327903
238.07457073958366,17.30485406487998,17.2818360675051,4.509878710078918,1.7500384830589837
190.97361887441508,23.854817067105948,13.51169023624137,3.3576808279629193,-1.2912246431238497
194.84219701567343,12.497231894730511,17.2818360675051,5.969133462333495,-0.4812521756245022
154.17935920027216,28.974424722089637,12.515321936286329,-1.6314538534901046,-3.9096629795328264
165.3986613319758,21.33748322379669,13.255107991837468,-2.5542034174402066,2.358747567815132
170.55763454232988,34.21718627724514,12.89617184705795,0.427562445059756,-1.5854124436609123
188.39051838328413,15.584710043346185,17.2818360675051,3.6686527328187193,-1.8774964795507358
173.62212019574866,11.223928738362693,14.652942536095034,0.7366031501060648,-4.6008626204410055
201.52426391778212,44.053187401915594,10.54344919188841,-4.253042252953223,0.12549882149423497
238.07457073958366,44.053187401915594,7.725589097486474,-1.0772586025131916,0.9239598371540773
230.39336193137456,17.891910439958775,16.452817711131974,5.919619702344723,-0.5120877632505371
184.12871003382915,13.74880908619727,10.843326676822928,1.4979079711463887,-0.19863003290769457
178.08347650753814,13.769509679747667,9.996137023174208,3.1924311403277525,-0.10362767531988572
123.87516597832548,40.91831182117336,10.844241777298611,-1.3609954102511177,-2.7930895378551113
212.7432865455227,44.053187401915594,9.96160100850635,-3.0155940639273546,1.6217539278671107
215.466836376526,44.053187401915594,9.888360077921057,1.7247792378630542,1.4335055695917305
207.28823484539865,40.70522637086648,12.07459371678263,4.75687319915542,-0.2690279307431382
179.37316460135727,26.528123281407108,11.120560602021644,-2.3908975483320796,1.6426525930893254
216.37172152868015,44.053187401915594,10.023484124854503,-0.42143627516565896,1.5508092313717379
174.03245845095174,36.77549378926329,10.921216772020804,1.5882735962035393,-0.7036337286114828
224.3710494796918,44.053187401915594,16.898758689617193,2.7273189162022162,0.8232482161726623
100.35542021123044,33.14280174384428,14.593806720726,1.0805508162030382,-1.4445477085124365
205.5975228672076,32.08585790180478,9.177062899872343,-3.2311176740505223,1.0597925230180516
145.1220411613125,25.51582648860947,10.61968995747185,-2.7311838579265233,-0.6909963403539389
179.00011213849646,4.025153624342196,14.533046450722548,2.122935371933956,0.31007247323307013
217.68188496216032,39.65810779256167,14.697818904087764,3.1091747186349963,1.7128127936770932
224.8343793247593,28.63664001101404,12.896262576838115,-0.24566661338036655,1.302532486416217
204.1934160761872,28.7281544370128,10.598183310263382,-1.8867740429194786,0.8722024143337376
167.25103797217267,8.640570834096787,15.599617876243276,2.0686122134115776,-0.4462587026816999
223.9042284855723,44.053187401915594,16.131263481438,3.7310880463256333,1.565709985684046
201.92601713124236,21.78658551778804,14.984529131804049,1.2503434075258335,-0.3012181319941404
159.93394145952468,17.583667150546113,12.87310757908252,0.20910320690018255,-1.4716604126727009
169.2169954885999,20.970740074557277,4.6674165939820496,-5.036442266157471,-0.05683234874540606
181.22706477003808,11.640012105125535,17.2818360675051,4.761688489841194,0.11555066197275066
219.32410898940296,44.053187401915594,13.283401178569122,2.88373070586018,1.7432209990848788
157.37631138881363,5.895524483112526,15.80217832690446,6.403622718500757,-0.8498890832989405
204.09636561137475,34.28304957718785,12.0738528635392,1.8677715195846332,1.7702685596434689
193.78038190776184,24.687654267263422,14.447903581460071,2.066655983054422,1.1210055109486237
196.88344724888216,24.18602465959973,12.216664619855328,1.0658432952644348,0.21430748814254094
187.42705430756783,39.71714207078322,10.185024913280412,1.5027841014303331,-0.5027176546134258
206.74940174626573,12.494754410731316,17.2818360675051,5.70408098949367,-1.3987624952097515
214.9310118067401,15.345884685564853,16.12745905898727,1.01652795796528,0.9457097622879684
174.1462055761611,13.92412859187255,16.20467040480142,1.7786803305142198,2.149409440747265
182.1003486014933,31.669012020794668,12.248795902888189,-0.07858171928718029,0.918948210370313
205.4684850544656,15.012110543479617,14.52866702867891,0.8255484665791584,-1.7349093545087437
234.48571972122983,44.053187401915594,11.585464110509596,-3.0610384784774536,0.07105886984060031
216.5221775220858,44.053187401915594,12.10190231986786,0.7501895573596981,-0.7039656106312611
232.05686862041912,11.85365654597545,11.342411750784953,-2.2488982241829873,-1.1620904713825138
149.27397042907546,38.09307148528341,8.803499126772472,-3.6819309995254472,-1.2905328148888553
145.5342310197259,44.053187401915594,9.096515067076796,-4.967489225593719,-0.22866820933392315
163.1393211823677,32.044106941698644,11.451774538251124,2.4472229168453317,0.3559204878650391
168.1904797959859,13.766804982549884,16.833861870445308,1.401716985998882,0.28432976386008585
127.74143266876976,9.298021978701644,13.62471808685765,0.26599132322433133,1.2095750716960258
176.78575506997663,27.500733372382868,12.483294646231844,2.531711721302688,-1.7630587157536033
201.39204440095264,22.80145892135052,13.476753702632164,-0.8391863239562711,-0.7321750364324776
147.94200908530755,7.13051692039219,11.874979452616692,-0.5937163291102889,-0.003913470591380827
176.54571955762233,22.39201572156534,15.482121686152132,3.1687874003143737,0.5058880185952941
201.47729858614545,14.236377469867143,17.2818360675051,2.5333643778492254,-0.2421363703145396
194.4525147805722,2.422755291368865,10.164634079579924,-1.03591686880677,-4.474629070983437
202.56372183425063,44.053187401915594,12.754060257525046,-0.978947638538283,-0.497927758157264
205.07735831648063,25.77809628385259,9.9472804937176,0.4843801902498414,1.0322802444820902
198.19325022479137,44.053187401915594,12.797207388220244,-3.8024237413517126,0.8781478486083261
172.4659296625097,13.014349868250113,17.2818360675051,4.174334450118476,-0.20622879054479498
197.97235412634973,27.44241505112145,11.612142700477149,1.7382791875092551,-0.3757352003840122
150.4064475100151,20.17095823768984,10.475109595460848,-4.729722113187858,-0.4647660841472688
187.11667327814723,14.657285450362568,12.237824177790264,-1.2483871875667205,-3.690757664009511
238.07457073958366,31.37336092837358,9.391032511975094,3.2271629178244026,1.376061260368505
153.326689986604,19.930532024485967,12.33427720141712,-1.0292260643009419,3.622443305242496
164.41556158002575,21.927857720178448,11.794733074374369,-0.25371795159663124,1.816702187611841
151.28878779321295,27.962137119268284,9.832097685097036,-0.10774616662927641,2.20552810538321
164.64452055473922,14.847345668732672,13.820488590818028,-2.1808067309816983,-1.3273750652820446
238.07457073958366,9.31494276678084,17.2818360675051,5.478118540114294,-1.0160249871478677
117.65322795472022,8.97516682069652,12.096987095726924,-1.1121925215707185,0.3297801990433546
194.92412635773047,31.85034170553282,15.496058893244928,2.884170860013688,-0.270972559569271
132.63662973290357,10.547253312975007,15.39972960131334,-0.5886771689201007,-1.5229855039959774
220.09771139053,44.053187401915594,10.328387170953402,-1.9165341472278865,1.1098685342548582
135.91676699070436,7.418558237592324,6.346459547784521,-1.445536383081817,-3.066655362670218
219.11020762726943,34.20941012505357,12.151261165269538,-0.4755974693953189,0.3261027362677169
178.6212036361676,19.77560075310515,15.284464299427436,-1.495771908433569,-0.035961976615209765
221.81960353965528,31.556269969396933,16.250998660845585,-2.219376863946703,1.4029034418093695
189.9955109597332,14.302192710615357,17.2818360675051,4.02436404551509,-0.9491200721309506
178.37359115113892,15.607026360591965,11.61730885657328,1.4306586253021745,0.4392536869002506
209.4108208521648,35.87552950551349,10.6823497496817,-0.9284816862984948,0.019832331839244675
194.61715392331465,39.70926777014856,13.41156230574187,3.158955431234526,1.4315405089693785
188.8545519888725,19.970523809495084,11.343473959358958,-1.7482897340217185,2.512973603418125
209.2048797257824,40.876648629920105,15.431337885987825,-0.4760398478103052,0.772393806534988
162.0695116791693,16.78845486411878,10.777962646688238,-1.4460746494357464,1.3757073690709707
213.66965523722092,41.69579901563621,8.385530387948657,-1.5500046815491837,-0.8917557479792895
238.07457073958366,8.133546615120412,14.261169355772202,-3.8015405322474476,-1.22122332196796
183.5737096164305,44.053187401915594,13.02861343495196,3.413409426205755,0.4091714239210416
184.38360884943305,44.053187401915594,10.123596323327732,1.9042153947560918,0.5732962780354423
170.39048710870054,15.5031352732343,17.2818360675051,0.39203585807888686,-2.726866821630793
184.0928125284633,13.958134283731178,10.833156009236212,2.9051213068265067,-0.6724632078058197
185.3196636225091,9.185206994060028,13.736518420656402,5.200166094138817,-2.2039900895072515
191.9112702624764,38.11416674748185,10.902378938704278,-3.5629633726995342,-0.5626763274073624
146.0751643813197,17.90463307543934,9.232733870352355,-4.535031506217022,-0.48139908045302554
191.90806237806365,33.89024159239333,9.835514183683552,0.08569956904119884,0.43637207983360016
158.033074683066,25.9242201777752,11.067095698945836,2.267370436231035,1.2447476832942999
174.3989651960346,34.1049653294891,12.40869017136464,0.00341721139319233,0.8658572278382859
160.09449425235718,4.697950083620112,16.73968912536873,5.233703579322128,-0.38848241669080646
193.0787742736549,31.15643413813869,11.084216284743958,0.7304555530273693,-4.575437953694144
218.85553887472267,14.982512083944656,17.2818360675051,1.154374334052716,0.2512706827353934
168.22354718273655,5.659565223292644,5.657213714109731,1.6523695706089367,-2.391762762325234
200.07124068397232,37.83187388879083,12.377536766805108,2.480741962004623,-0.6102167425885355
220.35420268711616,18.62342811933314,17.2818360675051,4.792400715027352,-1.6711492586350405
238.07457073958366,29.40008035135448,14.716347184253838,2.9260108454308313,0.3331464523665746
219.38579949092377,20.775853078951204,13.46125199645735,0.3119563792225377,0.7712965226418049
172.39831009064264,4.381627373574077,17.2818360675051,3.5251008371937513,-1.2456982310359288
165.91739905995618,19.3847414355326,15.23445427811613,4.176210091322756,0.943915015621815
220.0507357564801,25.400522905484657,13.533425445365753,0.00342441019179518,2.5581834474671563
200.92483813909897,18.347356339914384,11.241414291357394,-3.265126074508828,0.21400873954905525
178.92387333846216,5.573028625548403,8.314494397015897,-0.8169747521204734,-2.023233125663607
206.53175566000837,11.751777509306116,13.77016952881348,3.986869564455391,0.7603522390405054
216.8849422790411,27.40254420368239,14.098291674392778,3.592616548802713,0.7804590558436753
177.00207604160622,16.100625276352737,12.82470920332944,-1.69630897939575,2.4056327900494034
182.41783251704484,18.59344737196357,12.642168306694236,1.9367282882369745,0.7270959989104814
186.44428329335284,13.745924899626132,10.165907596862883,0.05732549546820978,0.45472909940315276
226.46416004671624,22.512145441433248,16.522158491218814,3.787386016959236,-0.5127877904662705
196.567969013185,36.86271120925562,14.136510212449164,2.5924318846261616,-0.07329398573837267
177.92874283545433,24.61887224146485,8.131390305441988,0.17884033294218585,0.23868266944968158
186.4843193721471,20.995573917976603,12.395198112637363,0.011883240152144401,0.2630123260110057
238.07457073958366,20.676180465272285,16.33889349509127,3.332058569558533,-1.185491246215973
170.78125030070086,26.6463036330559,13.586264714596512,2.3174314905384263,0.8493719904126588
213.32091771545447,29.455216387820013,14.909463963999649,-0.18590877949328907,2.810086281942249
215.37530311292932,30.666414945850043,17.2818360675051,4.205391717796863,-0.3546256649822752
186.7018836724311,23.61466448438433,15.790087030498585,3.2600566684860115,-1.0916271199838241
175.04246727150482,5.85230824338452,9.189902907246315,1.4511843400779307,0.1586732812508886
158.5308867105166,44.053187401915594,9.24921358807252,-1.8697407458339665,-0.6381463491751668
170.99689097282666,38.02494404009661,10.854623693453576,-2.083334008012572,-0.4234216517335227
135.1898997912606,10.92766636320401,12.172848866570202,-4.716776024667988,0.19119959121258476
206.20127606442605,38.21550954986181,14.65641102779838,0.6606306796515516,0.45998157855081423
221.48710642901787,16.737236745752963,16.910679173536977,4.088960466973792,1.0736185726287213
224.90071942232544,44.053187401915594,10.037066458388985,-3.2886593936252164,0.9658161119349888
199.67587561297924,6.5195078360367775,14.70053079651442,-0.8178007176331868,2.8617183263157417
174.70109899459248,13.02989981052622,14.959413835561977,2.2010113379428518,0.4874593676607452
206.20124700151183,44.053187401915594,13.962670097984429,2.9793996560974976,0.2894084494548807
164.98933480832213,17.407116851317326,12.65590460486889,-1.5702999584774984,-0.8539085935580141
212.214095828966,11.051350162169436,11.66448615179956,-0.6478951555533302,-3.238916124372711
213.16204428555287,22.931524625224096,14.577266227002674,2.2941069596936496,1.3253148522509615
230.58886970402145,44.053187401915594,15.149518753485363,1.0347024687029125,-1.417924975122832
211.8654258394793,39.65843481704987,16.07035772890776,1.9703250364719096,-1.3900165804909266
204.6306133598696,9.805224873641889,17.2818360675051,6.79047248339337,0.21075121796550098
178.02879780927896,30.32336783465575,10.708485681960678,-3.661483493437439,0.08447043229413502
208.4494404816248,8.436661100673453,8.962160139005741,-3.441488385320819,0.5454305144802151
201.68039517702132,7.527599208929347,17.2818360675051,7.173948105474117,-0.15146348990841363
173.69731231662746,36.59137128225986,10.751612990222837,-0.8708498761005159,3.0261300558672155
192.77076932552373,23.034748769710827,17.2818360675051,-0.5882409332964379,-0.9757926407319041
211.0173563592306,39.891246121103535,11.873965228522843,-1.3441280470785144,1.9251533296628953
152.46236402318863,18.15613460750966,11.998338295091958,2.4254289128187203,0.9158947394210617
203.84961804578327,35.687328411383604,13.783071616438589,3.4186886398518084,0.8200131169284204
163.4097315060349,14.968816773273648,10.845762523432391,-2.7406664762009756,1.0344110523638894
224.5169392731058,28.811012663390443,11.600015117516216,0.8772422581239292,0.4800806492037907
196.6821633178362,6.694159765391126,15.514189977134158,5.886459693124613,-0.11136970756073102
138.66622764610557,16.537044083167093,10.377861949564096,-4.423055815314362,-0.2078800609602651
235.86402077966477,44.053187401915594,14.351359962569454,3.5990638384534037,0.5841659407652404
192.3985724399411,35.81801848589947,14.699280793842036,4.167805603036174,-0.7930102394468612
226.71434426647443,18.44138183595224,17.2818360675051,7.526772120282578,0.473235481599191
169.0800944869634,23.230557120543924,11.204687198785248,-0.8320246918462896,1.388723572014879
222.2671111569257,6.167452848246219,17.2818360675051,7.41416897776346,-0.7117272689789901
137.17424088789576,28.14507533069745,12.730020147144232,0.637707892951565,-0.34520310430481915
182.3845933174612,38.33770417320723,11.38331442927008,-1.266255313847441,1.753169409311057
183.91165292341103,19.803818648285343,12.777011554598982,2.6579336046701885,0.9588577147882151
152.64718101506887,28.644992973876303,13.95089594147403,-2.999788961073655,-0.37610460039136356
193.1038623866661,1.0317059200981142,17.2818360675051,7.1886393222127785,-0.49073493978316757
133.43390318434507,33.80624564842789,13.3538095744248,0.6411559498376302,-1.094449549933132
184.73625513859128,12.951826313909551,14.452314594978125,0.10596316534760389,-0.6043623735476155
190.20780091764448,1.7481325502287497,17.2818360675051,6.528028605805856,-1.496836246652586
148.94749476711357,44.053187401915594,10.916153759106235,-3.6124905886807066,-0.3688656213000073
169.98691828822618,19.57984693636408,12.933728995943229,2.50528081389449,-1.651049291429186
192.01939082229907,17.569525598171374,11.529079396087536,-2.5932142606829327,0.5260304055604921
211.9090538345962,44.053187401915594,16.15740618877274,2.460139158302507,1.1010286184706684
203.7215114713271,44.053187401915594,10.151575853561123,0.5632328503008748,0.28990443026864154
172.68740689593483,31.324333227716416,10.75744125825832,-1.7573881029577607,2.8813672629383724
208.20959656169285,29.50376933815232,12.726779225300508,-0.9312867073353231,1.8419939359351833
172.07746359343437,21.578216827902956,17.2818360675051,2.5279226111894015,0.5192194083586728
177.140390213191,44.053187401915594,14.600585834602049,-1.2891967201411008,0.7372351344885741
226.4501221019121,34.36345825103231,11.256514211965142,1.7656311653875636,0.2714752619555443
149.00614736453983,28.98068637910119,11.45332025222406,4.897288791154302,1.2737451477629087
189.0810089281148,37.69448450646953,14.300407362348675,-0.09084200456724838,-0.7209573773416725
144.47244122305364,33.16554330234719,9.999644879062153,-4.007350777733326,-1.365343462323022
209.7993940676226,35.41542307684226,13.90555214917981,-1.9593922602406906,0.4943522872206665
209.28531652193928,29.051819802448872,12.84017363523525,-0.7797799157119037,2.3888732757741145
231.07600746329945,14.69646991847358,17.2818360675051,4.206294087839184,0.7255550606092467
205.84976213821253,31.256917204876768,13.578256496026924,-1.130245827866987,0.2734970654669565
177.80635189656013,20.69786982814638,17.2818360675051,4.39046678966733,-0.7185307930292081
201.35078002895804,30.51788043926289,12.345070179708037,0.73475577876614,1.7382876294148928
211.34457638531308,4.693530239569485,13.793733700512131,3.288021860522853,-0.04652677960516781
166.68437531703185,3.289932620555427,10.960478193788132,-2.5591923110718033,-2.08787023362898
143.76302111014527,34.61595927343306,7.355587606835368,-5.1473725072643735,0.01871002731393488
238.07457073958366,23.416601303311,15.138485785322631,5.08928598584235,0.5389501623862302
208.2289321797323,21.8665343167954,15.88202428998908,4.4855745281036725,-1.2814439853324422
158.76432416697492,28.761098963053904,5.967174537072398,-4.5556452140115296,-0.5872008399320161
173.68860855687805,24.259281916082248,17.2818360675051,2.7571286171543368,-1.9986435382720764
200.0589111689817,44.053187401915594,9.63691012100139,-2.7153728502689796,1.8248837247253311
217.63152404214617,44.053187401915594,12.884778206991417,-1.1095468228022438,2.0134406276228702
211.16501409045367,22.124612270028194,13.600026844658522,-2.057789309800643,-0.8843328690696698
238.07457073958366,15.434671891916782,15.845978372277605,4.913582302663951,-0.8249337895988943
190.04585113519997,30.126780462003797,12.244658984771164,2.4535012014902713,-0.25380942848607724
174.8311716018642,17.79699148031081,13.164486893453493,-0.05932905244085661,-0.1654009884405916
163.0620027596698,13.427325180342084,14.272781690315052,4.358037985282724,-0.5400027269152623
228.6947213962948,14.297773876588426,5.939343940977742,-0.7790509194411543,3.440267098847492
179.65565931543875,44.053187401915594,13.224992693575082,1.6222302802354944,0.1766709945556122
232.30568179884293,20.567239360383446,16.500988721208902,0.8182739821762839,-0.9659733717303008
144.71549104926223,22.661847295183907,10.06046627425777,-2.262000813551643,-1.8100262230616728
199.3199316973714,12.7847968113124,13.427922317806738,1.3794349994433337,0.33334898754021547
190.36998768401,36.38173660994693,11.56418338428406,2.08643839123841,-0.1667880895702704
144.9466013288459,44.053187401915594,12.652541738711172,-4.272298037288532,-0.5275229896001348
231.25095323343265,44.053187401915594,16.52530160665752,-1.3092152715897922,1.1579427958284734
181.75011107771755,36.6521757733521,7.752488332538667,-0.7094169161761932,-1.1415665277251923
166.17550118217395,36.729006428995454,9.580419913785878,5.420798293475938,-1.4892945401656899
214.6657342235996,44.053187401915594,10.543357533507406,-0.5822445089768984,-0.7763501238971492
225.43338400478035,44.053187401915594,17.2818360675051,-1.0191845134011543,-1.3660174026879146
194.87376698161324,33.09720791991222,12.67770023124537,-2.532383320663022,-0.5147055167874248
196.82740733530864,44.053187401915594,13.745889977707913,2.597763904529676,1.5046299865580561
238.07457073958366,44.053187401915594,17.2818360675051,0.1586577532369965,4.619496758671176
216.1139307683421,7.240508900049114,11.041960361429592,1.1531177866224203,-1.2241353896128813
207.65732946927983,1.4421046354969873,17.2818360675051,3.677212848531828,0.3664988440771321
238.07457073958366,16.21458689575936,9.706177451499768,3.9820312251043717,-1.6520393474986208
174.84631128270533,27.46857800653945,14.002383554204355,1.1888145746328613,0.12264719733010429
122.1831289473609,5.662090787128532,8.70865206266491,-3.276802467350602,-1.6981136197768538
141.03433081294162,15.16669839964946,6.802552952874795,-4.531164633863677,0.7218647194136794
169.2631290222878,44.053187401915594,10.307001706780651,-2.4864825849847985,2.339890876191588
