stdevF0,hnr,localJitter,ddpJitter,apq11Shimmer
2.064875906036792,23.959287273110444,0.004173154739645,0.0065595898940482,0.0228404876135704
5.155956563492737,27.95775499397845,0.0045096651593753,0.0069384813533391,0.0143893736335703
2.136905747137359,33.30947460822698,0.0023227024854407,0.0033390006496403,0.0067772219559087
3.371490703680716,26.43442738804252,0.0035636549785317,0.0060537416813316,0.0107972399127426
16.50412505389052,30.583621172022685,0.003027126839618,0.0045548078773805,0.0094626348149004
4.934830997595132,33.30947460822698,0.0027584559667108,0.0040908309358938,0.0094612885691728
2.8475608959345307,33.30947460822698,0.0025857181692992,0.0037273256767878,0.0125717645515149
1.9605562914264705,23.88153842882169,0.0074887041352592505,0.0114802175899965,0.0334560429697435
1.1553668207036076,24.97174601354128,0.0042000030446765,0.0073946769297504,0.0166451130094257
16.5305701169492,31.31339543943396,0.0032925765382427,0.0056193047082011,0.0071892979216916
5.2144312852259125,27.56808961652489,0.003160936182331,0.004881685573735,0.0111880021539241
19.792501435228395,28.7381875489221,0.0053419901477148,0.007166226334479,0.0189876361357565
6.189618824556319,28.38922262249581,0.0023748022115613,0.0038350094828618,0.010615235854848
1.6286337188552724,28.366031408614493,0.0029128621737672,0.0042901834508947,0.0135300685853366
1.2851950446959608,20.825539768978157,0.0074887041352592505,0.0114802175899965,0.0570425669064499
1.4241777979924608,26.965857648661643,0.0035038660608611,0.004879764330632,0.0136454800471483
4.6313534945476045,29.342254820057207,0.0033956881696637,0.004782929071916,0.0166953677727775
2.760184257204,30.95303750842983,0.0030304386171078,0.0048584989606395,0.0123435600144341
19.792501435228395,18.74644450431884,0.0064821869190737,0.0112946909466026,0.0330325530198293
1.635376325775027,28.585725858529976,0.0026313755334741,0.0034630549166634,0.0100192230954305
1.7553504896416758,20.87983052791402,0.0074887041352592505,0.0114802175899965,0.0444902134107235
2.3059137242577137,21.605401074381053,0.0040153258365603,0.0067444085677567,0.020837264686073
1.936720545899736,27.358195445126302,0.001794586285412,0.0030075842906996,0.0077257442878528
2.073109554651993,20.561565034286776,0.0035156237028941,0.00561363903542,0.0335260167015574
2.459579463502433,32.65454141216751,0.0018844326309053,0.0026320474772526,0.0114173793169325
3.232340792966277,24.10606068743709,0.0037508882583484,0.0046335790780195,0.0175928734364411
2.026972504764148,33.30947460822698,0.0017602687606649,0.0029425450853477,0.0060362550852044
19.792501435228395,29.085819489642088,0.0045347503118891,0.0069678958543541,0.0198314234751015
2.266744720640503,29.21915102290048,0.002368447281635,0.0035023778720425,0.0122084998969669
19.792501435228395,24.090619089550568,0.0057967802189068,0.0084074843148585,0.0217966417898713
3.713404862965233,24.068464552934323,0.0033584433625324,0.0052070239764158,0.0258867518001819
2.8813445634134944,30.72277426632724,0.0030377964951494,0.0050435740411121,0.0135998067496513
8.175604056384167,30.37696167573574,0.0019888342199876,0.0024758377351449,0.0162145343322526
2.173945630372061,21.91958581597764,0.006857526616944,0.0091310502814286,0.0362802501236412
3.3850101570801088,28.28672494135499,0.0036776725606892,0.0061525114951245,0.0145735006122262
0.9961761082793285,30.14505112073237,0.0032181775785761,0.0054844886675446,0.011235453432743
3.0809054430650336,29.02199573232305,0.0052208142861601,0.0063002679412902,0.017395010472214
19.792501435228395,33.30947460822698,0.0053728312457594,0.0100361211989936,0.012101272429866
2.313613075306807,20.44553238073791,0.0074887041352592505,0.0114802175899965,0.0286215275783503
2.491250309496817,30.684119226429964,0.0074887041352592505,0.0114802175899965,0.0150221122299725
2.8084669583988084,24.830507247075214,0.0034040534043017,0.0051682048946122,0.0219207092471968
2.669037784092239,33.100309050352294,0.0028018585631078,0.0045271601707176,0.0098383833116221
19.792501435228395,18.137194946615654,0.0073191496864816,0.0114802175899965,0.0596581550771411
0.8862857779042942,27.98183431780729,0.003507542715633,0.0052083668675702,0.016789955924018
19.792501435228395,29.688941642912216,0.0074887041352592505,0.0070791143988905,0.0165245194042263
19.792501435228395,33.30947460822698,0.0018802903557014,0.003170736490345,0.0132215819257554
2.7553830841392326,28.68988218550433,0.0032900826858093,0.0049326534258668,0.0152997711488724
9.19217882068652,19.63250160938055,0.0043510793214793,0.0063284673380493,0.0250688918312379
1.4507998563569786,25.769643116553183,0.007336585074398,0.0114802175899965,0.0236836750821267
1.2382065527812522,33.30947460822698,0.0027985846123467,0.0047783982195409,0.0080816563393271
19.741118016159792,24.88775918156923,0.0023440426567043,0.0032931977197187,0.0199271324407515
6.769168741529788,8.355748262263004,0.0074887041352592505,0.0114802175899965,0.0596581550771411
1.9089035257241933,31.73506903576838,0.003299732511225,0.0038783846795422,0.0277890226736679
3.121775242341804,25.805462391156414,0.0053835482444193,0.0080509196376856,0.01905712244637
3.276632145604717,23.6116412085537,0.0031213583213238,0.0046874655938849,0.0118682610285084
19.792501435228395,29.30015296490805,0.0036005175995726,0.0047192507402947,0.0097405205353036
1.212788308516323,29.356778846972126,0.0015038736289073,0.0024149351666963,0.0061327875934449
19.24575382377656,24.35419646905202,0.0058887499516307,0.0097598491741564,0.0241525068135468
19.792501435228395,24.80543835268137,0.0043146490396865,0.0072674742720145,0.0193182836295303
1.9370353197158403,24.380586945065424,0.0039860900328144,0.0067955337637319,0.0135660851152037
2.6127122055504217,27.73801938481829,0.0043457978844044,0.0062378787356445,0.0170264108245067
3.956923261416572,32.8338477045601,0.0023088081620908,0.0027117049501452,0.014749715569909
1.6636993220416607,29.31171489891709,0.005407380696847,0.0073831663104508,0.0257633967545115
19.792501435228395,26.299547136033777,0.0031812025543176,0.0047779981568824,0.0149035837860516
3.535286140118288,33.30947460822698,0.0013073749060067,0.0017711619075393,0.007961591023665
2.6812580843547256,33.30947460822698,0.0014107333033283,0.0022389818443176,0.0090919233970373
1.5854578988350925,22.30315848542508,0.0047718983397327,0.0081040319147917,0.0247343391693126
16.52492987541486,25.80326440720245,0.0074887041352592505,0.0114802175899965,0.0230978638648589
3.542865363966755,18.49126872452628,0.0074887041352592505,0.0114802175899965,0.0284362083959734
0.5795860368078849,32.88636250968288,0.0021745669750822,0.0035186583906808,0.0127881360044853
2.0148211324482794,27.11942566195217,0.0028487479021039,0.0046528853932357,0.0114031699727298
2.969002198924784,26.89334378830668,0.0035303687620534,0.004931427947783,0.021067865438701
17.19788779647244,32.7343524405991,0.0034981422770514,0.0035853727927659,0.0135565057273829
18.245348537862032,24.11829460483232,0.0057409873044531,0.0081343343066725,0.023304149079748
1.704587831640818,20.97149667456326,0.0063684977592018,0.009064418819301,0.0468950810083678
1.410297322491256,24.57580597486122,0.0030762295838254,0.0047559766682229,0.0137617608023458
1.1918557371157903,33.30947460822698,0.0014469268657256,0.0021590703343313,0.0086022287565964
3.593484833763424,28.62254773775277,0.0040407623047009,0.003504893504862,0.0177744694369424
1.9602652434110244,26.97112827096211,0.0044156257318965,0.0048881192888855,0.0205194648642445
8.999302153585887,28.2967164699946,0.0045470574189564,0.0070303880781505,0.0096769466130896
19.792501435228395,24.17414445060684,0.0074887041352592505,0.0114802175899965,0.0112706011526914
1.2477695525954813,23.16114724150722,0.0072473804682112,0.0114802175899965,0.0325598925582365
19.792501435228395,17.63182809627539,0.0074887041352592505,0.0114802175899965,0.0596581550771411
7.628248928176814,21.620152964098438,0.0042948268993532,0.006399860575151,0.0370825980590664
7.483390258253613,33.30947460822698,0.0020802703776912,0.0030403640318835,0.011949179753461
3.8215955006230873,28.065547559140587,0.0027248382951762,0.0042905548534138,0.0102860515572641
1.419574216625202,22.67971597647212,0.0035415033490134,0.0055156907325608,0.0272609364687724
1.8499153825938293,25.560493567912843,0.0038138731501457,0.0060515523990518,0.0159339882070325
3.15196904323344,29.6273856164742,0.0047911465359063,0.0080783384362714,0.0217384325144633
14.633077051820685,19.85117453146788,0.0040211151831509,0.0058616801343385,0.0238037769231324
19.792501435228395,22.76066503258292,0.0072550247298604,0.0114802175899965,0.0246305676391259
4.533613703842984,32.42940226950761,0.0027934512221298,0.0048398465538467,0.008987645453746
1.946369842478871,26.162036198463756,0.0037094081212363,0.005694618178249,0.0164757680447987
1.57692448144927,27.23247387236273,0.0020908765969431,0.0035411303801136,0.0079872930182233
1.1768687990358453,22.729178912025468,0.0041839792506529,0.0058742888965972,0.0283589533636215
2.199023172070032,32.4142211018873,0.0015755094323495,0.0025225674708841,0.0069371607606962
6.3696513626425295,29.55583966110599,0.0039024755457798,0.0064910962795544,0.0134112783249473
0.9054438510923132,19.97159479212885,0.0073285477393093,0.0114802175899965,0.0208717627695591
1.714356407764052,33.30947460822698,0.0022550530980784,0.0033742435107104,0.0176525033262818
17.82877383472282,33.30947460822698,0.0026887798769397,0.0034973131302701,0.0097352432000958
2.124930547350631,30.684845947817,0.0038172462049969,0.0060745860958555,0.0175382363347918
3.5091160812521247,21.113947044364465,0.0073635620561389,0.0114802175899965,0.0393917789577845
2.6491091217030625,21.77009377100283,0.0027340425455452,0.0039947513419917,0.0258062412275523
19.792501435228395,27.49876613784065,0.0074887041352592505,0.0114802175899965,0.0196127673635618
4.564249155052662,25.562573714801097,0.0053160716381869,0.0062903727316887,0.0203203441121536
1.432782991820026,23.67510394116586,0.0074887041352592505,0.0114802175899965,0.0358910039682853
10.436023829989905,29.36711469430997,0.0043939018540714,0.0071935473618759,0.0217638221653442
1.2855775363157838,27.889202330655124,0.0016906310212762,0.0027860924654523,0.0079139745363559
1.3116927477012297,28.360845249127383,0.0049299240460626,0.0081051938364219,0.0178882259384897
2.196134951426539,30.703711765815616,0.0034892095831082,0.0045467385324075,0.016495608259143
2.1340598707774103,27.36458117747113,0.0033818375765839,0.0048251750438931,0.0180373104410619
7.553789010594226,33.30947460822698,0.0016809220448439,0.0026480769775166,0.0073281581327174
7.243922831582388,28.32178758938859,0.0053164410771595,0.0090379863738345,0.0196406632555858
2.1295038289777484,29.150520217232984,0.005302719626159,0.0095636818674248,0.0129426443850215
1.393072545137095,28.37449060651433,0.0016381120894834,0.002320557072449,0.0070450882829461
19.792501435228395,20.180824125092347,0.0035224280056688,0.0058028924299524,0.0528197346860691
1.4836604821495225,21.803904260743167,0.0074887041352592505,0.0114802175899965,0.0256127987276226
6.080733912318947,17.87683960639066,0.0074887041352592505,0.0114802175899965,0.0268079693195915
2.17657012237589,21.890209225364384,0.0065349783958624,0.0113673556418353,0.0518457374211104
8.414854337573558,26.91878146322253,0.0041310798137648,0.0067998667751743,0.0130502134406433
8.510129079170163,25.980286678091723,0.003395018015961,0.0051911426153962,0.0150225664162618
19.792501435228395,27.488079653117406,0.0043824332389008,0.0066212795835763,0.0193551913745289
2.850514458539948,33.30947460822698,0.0034445460733115,0.0060225519415368,0.0120716267490378
19.792501435228395,13.788276006792268,0.0074887041352592505,0.0114802175899965,0.059394033693172
1.7157122485373597,25.846568827002404,0.0037563021346027,0.0062307808395607,0.0241039788416199
2.8224936042951603,27.545702432553423,0.00319699154514,0.0037333926677649,0.0134688041251946
3.9093988004074607,21.94820673178927,0.0074887041352592505,0.0114802175899965,0.0596581550771411
19.792501435228395,14.325886016965043,0.0074887041352592505,0.0114802175899965,0.0596581550771411
2.8116972017936974,29.46582974050927,0.0038337106036975,0.0066141517816273,0.0204171994040529
2.0977217395299097,21.235272218602255,0.0066380860169383,0.0109262934215924,0.0298883750391904
5.168172073084661,23.98615496887178,0.0058054783191712,0.0083568257943586,0.0262092661929077
2.6025077815915263,27.43580688508504,0.0051402543909773,0.0058818852184622,0.019602378057304
2.3816112546492048,21.091695071352337,0.0044975214267575,0.0072605712817557,0.0282797013544037
4.195958243643824,12.174390125515464,0.0074887041352592505,0.0114802175899965,0.0354920063140707
1.3940274523611211,25.973950687990087,0.002473953294011,0.0030133478169342,0.0130672179923796
19.792501435228395,27.24356811215447,0.0044695095220429,0.0056998066400912,0.0287255588180094
17.791342759659365,28.14659795127392,0.0030059942987877,0.0046932012349042,0.0113760463443795
2.745463096154356,22.98910490631358,0.0074887041352592505,0.0114802175899965,0.0323228085351431
19.792501435228395,31.27199161457523,0.0063738685608574,0.0114802175899965,0.0140877325126887
1.6577436608250338,33.30947460822698,0.0018228367345453,0.0027210634058233,0.0069109168734932
3.183035920151881,23.349481284501728,0.0030236742131731,0.0047333365349733,0.0201456529380905
14.571741635975584,21.070112075580187,0.0071296257725498,0.0114802175899965,0.0596581550771411
2.358898668445816,22.183245809796983,0.0061298613288415,0.0066962656742068,0.028316247053356
1.662799952106719,24.971491424593843,0.0029212411953337,0.0047053000324658,0.0138239921814177
19.792501435228395,11.835026431062277,0.0074887041352592505,0.0114802175899965,0.0596581550771411
2.464642302051558,23.062722935695973,0.005952783282356,0.0096884899354438,0.0245072159164039
2.670311308370057,30.100243749110657,0.0037869595578508,0.0063650818853658,0.0172217056001777
1.5326146816216442,28.926705840577466,0.0036802678011408,0.0062234152919474,0.0091050419129659
5.0794844435171695,33.30947460822698,0.001452683050548,0.0017823872525854,0.0142933077333608
2.199128581032583,23.43111347442042,0.0055502906948981,0.0065806355144273,0.0358847388435709
18.158847455169152,32.31638564551361,0.0013370851943998,0.001685044893122,0.0025881621528017
1.7061169645851126,33.30947460822698,0.0022053049894328,0.0029686568549239,0.0071032903170431
14.39030573917364,30.19089482026167,0.0034754321885519,0.0055030763152994,0.0205988272659813
7.254213280700227,23.49293531266009,0.0069661138389673,0.0114802175899965,0.0156512560156986
3.523680593552205,33.30947460822698,0.0011324862663362,0.0015578950002916,0.0072722269861188
19.792501435228395,28.31491466093765,0.0043298722257564,0.0071309786935823,0.0211297020926089
5.708519238844116,22.41197117008666,0.0038987074420696,0.006342692645931,0.0148308752829527
2.1906598800869386,28.9081536021664,0.0021727625046883,0.0035711885942126,0.0093588844429074
1.7139564223597192,26.484731482040345,0.0028642656242269,0.0045715831070259,0.0151617760004837
2.3134756187146808,33.30947460822698,0.0067077486057267,0.0114802175899965,0.0117251497371161
9.099151627318465,30.59435791824926,0.0038931710601258,0.0035404918502339,0.0191327105647973
1.904269122462979,31.823963591762105,0.0033408745031409,0.0040709433407294,0.0368928033962669
3.430510871872533,33.30947460822698,0.0018150538400686,0.0026473641493978,0.0083778753727952
1.5291983253910544,11.18683763679484,0.0074887041352592505,0.0114802175899965,0.0488674572263662
1.163644306179972,25.805526834086454,0.0033932122459415,0.0042513875946282,0.0149312446148093
4.329187778354517,28.60928169397598,0.0031718503910269,0.0054760841256973,0.0081877018258725
7.225357132580672,29.209663359487998,0.0017910238070523,0.002095848007887,0.0132906680936553
19.792501435228395,17.123003921780036,0.0074887041352592505,0.0114802175899965,0.0543611118974073
2.038755946110886,29.506224968518183,0.0042729733194075,0.0072995283740904,0.0265471825085406
19.792501435228395,18.76201508748389,0.0074887041352592505,0.0114802175899965,0.0579858641505569
2.57733508877241,29.364644487732747,0.0034761426927658,0.0052823888681618,0.0139144090857667
2.142484944623274,20.241649457216045,0.0074887041352592505,0.0114802175899965,0.020617178052736
3.777024730174956,29.070778761185327,0.0039688862451217,0.0057741234555787,0.015641498909037
2.178592535200032,26.036542477914903,0.004208677216074,0.0069921735086089,0.0160720571834396
5.045968272398158,33.30947460822698,0.0019112693543494,0.0025545470961717,0.0079150952523227
4.138778127878428,26.817608734506496,0.0039108518910465,0.0031927379026722,0.0130233655537874
2.291686674070423,32.69459826120895,0.0021740624188308,0.0034580599108858,0.0081548254968257
3.830580337116365,31.00458190393234,0.0032484256699233,0.0058622161523299,0.0072812493368049
7.680796485543099,23.097699259678954,0.0059831333880844,0.010364417415951,0.0323704479943214
17.413907083081074,30.969300070536452,0.0074887041352592505,0.0114802175899965,0.0161841402714371
1.74938274609915,22.34039766321109,0.0031511425814997,0.0050883774270512,0.0225182694045964
1.8008609187842128,33.30947460822698,0.0024366524546231,0.0036313009147686,0.0161454055890023
1.6983203344745357,27.098400479884184,0.0029983688893283,0.0034502903916635,0.0142257211381834
4.135887350910815,33.30947460822698,0.0023438174476345,0.0036039354481922,0.0078583806211082
1.2341291160461827,28.163440500033527,0.0021767327118381,0.0035539888560607,0.014783955171241
1.6844249970797744,27.43081151848761,0.0034349686397782,0.0053918473215269,0.0162243271096269
19.792501435228395,23.4521853746452,0.0033154088346646,0.0051312207910454,0.0596581550771411
4.207288371149259,24.11371616770934,0.0074133228188186,0.0114802175899965,0.0217332570613625
2.289215575983001,31.39454273926759,0.0024564268418302,0.0037628219415539,0.0094125792849724
2.6388614224225737,27.84394293289877,0.0052371686077016,0.0092913887392539,0.0172052249560367
4.03553699898129,27.621771739602742,0.0042217772106922,0.0066599597725851,0.0086751816477476
3.015127189138392,21.75239354657401,0.0074887041352592505,0.0114802175899965,0.0458625322479877
3.559445648322396,21.043885772763648,0.0043019953856921,0.0070731781808154,0.0159722354547
11.60329436463542,31.68166611234399,0.0025486057468523,0.0036714856044246,0.0093896171807669
1.798205544326562,27.37789281791177,0.0047766787444522,0.0057977057786464,0.021892338652933
3.139371870445373,27.40280338269272,0.0032667409734201,0.0051285841931883,0.014436501303568
10.63892874363083,29.55777756775984,0.00572401187699,0.0078851162045952,0.0177616186201568
1.5904769015510567,24.225248236340335,0.0033526650699505,0.004903620359921,0.0172828486231673
6.389452511676319,26.183318667988058,0.0062521092317607,0.0085279445665006,0.0355314127832551
1.59366896556295,29.592413655637845,0.0047985731580496,0.006331058346261,0.0195105521476227
1.7893484861129965,33.30947460822698,0.00247778674113,0.0037277294300289,0.0061080679682666
1.9909630081388712,32.96209642173862,0.0024701234476084,0.0032770087194711,0.0100509109264539
1.3451680469684324,29.85775162351061,0.0027561887172584,0.0039926905226168,0.0087636166445971
1.506222223357888,25.91331900551057,0.0042489055115087,0.0050509381675145,0.0367673841023596
19.792501435228395,32.04382589908835,0.0020368544713536,0.0028411959032981,0.0097063752612956
0.9500452411686642,26.653491924110057,0.0052234263659083,0.0092789861148504,0.0158036727242161
4.595888615002742,23.24661958275456,0.0043872567348181,0.0070389526320684,0.0177369270296166
2.05072505960592,28.91867899575868,0.0040839878002623,0.0059678193858166,0.0162807550971496
2.214028842814652,22.635507016731843,0.0061601589691813,0.0071778920466765,0.0254578450176176
1.2338924947010432,25.78663898050717,0.0034272702123033,0.0040490591242783,0.0133788513579331
1.9012517473355808,28.17797412719148,0.0039087471339095,0.0062564729780331,0.0238447263731943
3.854842487291101,19.1840441992562,0.0074887041352592505,0.0114802175899965,0.0427904870647625
0.9049584096721008,26.34594288735228,0.0040924147113964,0.0070623166049112,0.0213725059340505
16.063086917235,32.13490298172927,0.0022866065288972,0.0039529926633308,0.0081277730372411
19.792501435228395,17.83634749798795,0.0071362161373063,0.0114802175899965,0.0596581550771411
2.9702382115437884,25.28622759112673,0.0070753104539138,0.0114802175899965,0.0172104791838079
19.792501435228395,18.04557472267477,0.0074887041352592505,0.0114802175899965,0.0453791945999935
3.0119323928266244,31.290209386717063,0.0036917348390445,0.0060070921291633,0.0149589164078649
19.792501435228395,14.818903982180691,0.0074887041352592505,0.0114802175899965,0.0596581550771411
4.152741749029084,32.52677531974746,0.0019644813695108,0.0032659633217794,0.0027828505637003
19.792501435228395,24.803136759894908,0.0055476940274468,0.0089468972960292,0.0266440983629776
19.792501435228395,24.6996695084931,0.0059964085411382,0.0062507556249566,0.0179963879666773
2.5621609784048323,22.81446571800717,0.0033493254416264,0.0052683456746915,0.0200450735310357
2.9937290569936805,27.785467428988703,0.0052239758510876,0.0052964807646002,0.0174900465057524
1.4023605277602793,18.818314335991097,0.0074887041352592505,0.0114802175899965,0.0488032774274673
19.792501435228395,16.893874929306637,0.0037742783837826,0.0059578549119621,0.0596581550771411
3.001049191212644,21.38822144245806,0.0071868794222215,0.0111019863394181,0.0345327142216981
4.674634211894262,8.355748262263004,0.0074887041352592505,0.0114802175899965,0.0596581550771411
2.1525827556665,19.434703041467817,0.0074887041352592505,0.0114802175899965,0.05111267732773
11.553729046711512,16.600759768946787,0.0074887041352592505,0.0114802175899965,0.0497932940628467
2.8461633475698984,21.976379517309887,0.0074469404568383,0.0114802175899965,0.0091974707888608
1.4799167198972072,25.745836004750423,0.0035985822150937,0.0059829728977276,0.0248010211635424
2.7899972212325674,26.4711699268506,0.0047755308677442,0.0071894749426686,0.0250743570934991
2.474769370795084,24.983868823379485,0.0038713434293763,0.0066641898007878,0.0132860743018177
5.814403836222299,33.30947460822698,0.0033696728715198,0.005173715709083,0.0125284984207339
3.1876149745919937,22.29321526332162,0.0071815738638909,0.0114802175899965,0.0250649542832955
2.5213353790906794,27.25167937764619,0.0045407989101587,0.0075788983253988,0.0266664913849574
19.792501435228395,18.83257278959052,0.0074887041352592505,0.0114802175899965,0.0363649862474623
1.3994121632811092,30.65051908005085,0.0018487296159392,0.0029214884744165,0.0076672248990931
1.6766287523385777,25.442771470439425,0.0028837346458879,0.0035809255612995,0.0128135962134906
1.3154097822526545,32.06309852352691,0.0022936985847099,0.0038560202107578,0.0102275998540696
1.141647303813859,28.371757118581566,0.0028773892121503,0.0046946334412711,0.012449471692054
5.271966901106604,26.05064155660933,0.0055271218013791,0.0063807142452232,0.0210838795107796
1.537223811533664,32.26648725072447,0.0017757754200683,0.0025544793342005,0.0108167618625365
3.349953341407494,25.857642496616677,0.0037894759950619,0.0052031192692366,0.0187185106138124
5.5135978837723,21.08591329320791,0.0063230733565808,0.0110895941608293,0.0191877081723502
19.792501435228395,21.19176482634672,0.0039418288703395,0.005961697002122,0.0596581550771411
2.4484855475553973,27.98835483747853,0.0034753427957175,0.0056646340413816,0.012006763928634
4.725622683180107,32.33969982338461,0.0025384371724566,0.0040190788758819,0.0106617177636905
3.650665127457432,26.17100453249868,0.0061299013922521,0.0066547935280992,0.0286422706188392
1.6016818116568152,23.393671455294538,0.0040675365643638,0.0050988893402181,0.0334912902564126
17.41558111424324,28.28636254988121,0.0034130411872815,0.004334929631554,0.0147810293748129
1.7552115833404098,30.63146809400659,0.002706926875534,0.0038972300169913,0.0125644621441996
1.8547089205929093,33.30947460822698,0.0027532576810828,0.0044327156642928,0.0121432502879671
3.668137983796135,27.397814627400688,0.0051274031375964,0.0070919476042975,0.020535898664755
3.040872393872722,32.33771832797267,0.0044633333140879,0.0080425163103646,0.0100749502340394
1.847493330345526,22.899163996910254,0.0047592539420935,0.0079359366114715,0.018027357424523
10.110483385969884,23.213134241343727,0.0068334328211246,0.0114802175899965,0.043159516115006
1.8011292058334651,23.205185119620264,0.0047369924237581,0.0083194140484373,0.0197962971584231
10.443321380520024,33.17800711792747,0.0016270242447957,0.0024978958792633,0.0099660092769842
2.407463811384526,25.09087296259154,0.0052687442606263,0.0060148351388245,0.0306287197177901
2.576015390107879,30.86426057409794,0.0031536082140691,0.0048275713169846,0.0198760481944979
6.555993151611338,20.370844385547606,0.0036883554320372,0.005181686970137,0.020621991472623
1.4236950107774629,24.62321523024593,0.0030685005856594,0.0047508124133305,0.0133407826534709
4.007090874307616,21.1763477408796,0.0051265274165254,0.0071475149479516,0.036371072896105
4.256089392693087,24.87198448039917,0.0053303642868282,0.0083446969525693,0.0233331931431308
1.2653258177365994,24.703801521246675,0.0033286724206021,0.0053532948952575,0.0209705553505889
2.887701285836191,26.53874766646136,0.0031410282122826,0.0049643364784327,0.0149212279628496
19.792501435228395,20.658202663748124,0.0071720722807761,0.0110886490691648,0.0576149825707839
8.670016912458458,31.125478245423206,0.0030519385485192,0.0046469773770021,0.0102268799124586
2.123319894471861,30.721197935191505,0.0037323329065345,0.0060423798690709,0.0166395115078692
6.0785081731639306,32.258830208867046,0.0022106237007061,0.0035874251799822,0.0093457359649617
3.624261654940179,29.57797462589018,0.0027812832853109,0.0042927282709128,0.0222613715713461
19.792501435228395,22.0172418274094,0.0074887041352592505,0.0114802175899965,0.0431430679299054
19.792501435228395,32.60484694880754,0.0024997589711638,0.0039544922487563,0.014362743168933
19.792501435228395,9.848368335888864,0.0050763873231605,0.00767977544963,0.0596581550771411
3.9237553514129258,31.022638181902582,0.0021718740784759,0.0036398551928654,0.0182013395856088
7.302176504469439,33.30947460822698,0.0041741116365565,0.0068591802499559,0.0138316983082789
3.4767534418407378,18.94991792444637,0.0036032938236762,0.0043012056601058,0.0390197595813652
19.792501435228395,8.355748262263004,0.0074887041352592505,0.0114802175899965,0.0596581550771411
2.17291957247983,27.506089586154364,0.0042794917039613,0.0065609877520085,0.0221525448817686
19.792501435228395,23.56445238509732,0.0070207320250718,0.0081351673120619,0.0385186498927832
5.242693457152996,28.13583977951744,0.0027876170926764,0.0048922980990949,0.0205442853845235
19.792501435228395,21.18797191895906,0.0074887041352592505,0.0114802175899965,0.053817818814024
19.792501435228395,17.31136635402765,0.0058298242244337,0.008249354627705,0.0596581550771411
3.680851763174354,20.01157414608308,0.0031703236229473,0.004925911720078,0.0316201875329768
2.383528463594931,18.8779536382397,0.004287149694794,0.0070397330947823,0.0529002428677528
15.66010066073772,29.39271967808278,0.0041727751316151,0.0074977218232075,0.0299986110861209
19.792501435228395,26.752492431468227,0.0034507155040297,0.0049821751580086,0.0166275545661758
18.957491718973632,18.61876217914476,0.0074887041352592505,0.0114802175899965,0.0596581550771411
1.5250978556220318,18.950701905385525,0.0030020177025976,0.0047984026132123,0.0338824574209178
4.719495981076136,18.78821360132467,0.0057731133274513,0.0089263825408601,0.051936547710797
2.6408029192499405,29.61990435262032,0.0021774659762025,0.0024237805584168,0.0167787552023962
16.419083242731098,18.85780084224407,0.0033601224873285,0.0055075579977455,0.0395598641205129
3.01903323046359,32.8406161788187,0.0022461493185591,0.0031511775136128,0.0175171901476865
19.792501435228395,12.471103811396503,0.0064752447596552,0.0107795482522566,0.0596581550771411
13.13432600932091,22.292191298481853,0.0046266160444572,0.0076572166221891,0.0305487397373709
2.3719321966309006,12.559539328930772,0.0074887041352592505,0.0114802175899965,0.0596581550771411
7.418728044838899,20.969023316581808,0.0037023440732289,0.0063869798463668,0.0435695065700863
10.98643784412829,27.23786476246132,0.0062709868091732,0.0054278999860354,0.0423155677143473
1.8177438217794344,31.26125051120267,0.0015526168884832,0.0024471448306833,0.0148045014996179
1.1103029078599609,30.51124678611661,0.0023527035528739,0.0035027903670643,0.0147451688340105
8.223359212259687,33.30947460822698,0.0021738348117949,0.0037585774147956,0.0135592740628564
1.284647502723714,18.80667100298373,0.0034534156632324,0.0058602109899823,0.0461544218040079
11.562482726946312,28.99471195716893,0.0030118173528961,0.0045473892169939,0.0268120171896867
5.51319623965902,19.72773449829675,0.0059455703717044,0.0090354001181104,0.053273219142398
1.6386871785718606,16.795164947080394,0.0039462516200249,0.0057063419290547,0.0596581550771411
3.9697580084719934,21.022199446791152,0.0048652232690916,0.0073230894901121,0.0491665002157271
2.244679326637958,28.663076337996504,0.0015401066171566,0.0022378713744389,0.0174682927340422
19.792501435228395,27.67321783322669,0.0025432465466669,0.0038486023779682,0.0315218643714721
19.792501435228395,22.94970207653164,0.0038216151549607,0.0057287460528402,0.0509530334798702
8.616023722969201,17.94824001858506,0.0060315019554146,0.0095038224833821,0.0596581550771411
19.792501435228395,8.355748262263004,0.0074887041352592505,0.0114802175899965,0.0596581550771411
2.341487396534054,21.24189076593273,0.0036467820210416,0.0059806081834077,0.0294316544208424
2.152169252963602,13.820109103715556,0.0074887041352592505,0.0114802175899965,0.0596581550771411
15.275646270171414,23.741358101371144,0.0041625748230002,0.0050910851855849,0.0448260287182553
7.658410469639789,25.957744030972748,0.0027601915589148,0.004231721261971,0.0596581550771411
19.792501435228395,21.473720436870863,0.004121990717113,0.0073218202794361,0.0311068419905925
13.90331113926914,16.20397930959702,0.0047381099965258,0.0077274916694526,0.0596581550771411
2.157014570344784,20.75275323471388,0.0035648726591872,0.004821215636475,0.0437756545169488
3.6912589913500486,25.6359554918427,0.0044685293694704,0.0073079898422519,0.0235540894390648
12.61012147427154,13.418293655093793,0.0074887041352592505,0.0114802175899965,0.0596581550771411
1.1807306329928149,23.93092931041912,0.0042048230111551,0.005733355252539,0.0386825510852454
1.5240557465334723,21.231265812831577,0.0056217025242854,0.0088657657609147,0.0501142647211422
2.345986920263146,25.27618255054275,0.0024225170746802,0.0032388927907963,0.0361299957693828
10.8785384540016,25.78124103607177,0.006522271795806,0.0087448068676349,0.0450499894978462
2.789207888386544,24.78990520969736,0.0039018258032525,0.0071034970256926,0.0248931505576475
3.979005123299814,24.79303469214783,0.0036730086455045,0.0061976468615428,0.0282183101667267
5.845265716024764,13.219341682086448,0.0074887041352592505,0.0114802175899965,0.0596581550771411
2.4281603895955017,17.949564052731063,0.0044836825964103,0.007010838037546,0.0596581550771411
15.619682013434918,19.584437778362485,0.0033072615830387,0.0055006294910735,0.0381192739597136
8.185101081207703,22.4782532861661,0.0063463395629622,0.0104479414101211,0.0333409501946565
10.28081544321788,21.6932220966386,0.0048389618401321,0.0073441249425142,0.0394550711882311
2.131873117031414,13.699046534297048,0.0064853010743966,0.0108199201541094,0.0596581550771411
19.792501435228395,22.40725451375829,0.0029976230858272,0.0053380003779719,0.0194576729486157
3.1056768215229624,25.987445120201528,0.0018861045095014,0.0027728145576202,0.029027789685194
19.792501435228395,25.589556150556145,0.0050628509648531,0.0092639930962367,0.0317581771162619
2.3029315301028586,31.421274427266773,0.0022463171449486,0.0028241665514031,0.0234326558219295
2.687404433179362,21.44071594790193,0.0044118008995114,0.0048359057541396,0.0578161306525465
19.792501435228395,22.96058158737897,0.0025093214150401,0.0040311972565629,0.0292668435702391
2.210548017820284,16.970997081100236,0.0074887041352592505,0.0114802175899965,0.0596581550771411
14.386066479750674,22.74569580320485,0.0034843154756148,0.0060719611498744,0.0211808445395454
19.792501435228395,18.64960413424503,0.0039295561941509,0.0065828962562284,0.0292453492475577
19.792501435228395,12.645593645526963,0.005819907018665,0.0088740222105819,0.0596581550771411
1.6169822982293065,23.698325670297987,0.0026580485191475,0.0031935353973631,0.0480260425556722
2.8828903147264886,15.70521984650736,0.0074887041352592505,0.0114802175899965,0.0596581550771411
19.792501435228395,32.017109209397205,0.0030515923910538,0.0041860979865764,0.0227092976370725
19.792501435228395,16.6494606461484,0.0059138831698195,0.0090525926984745,0.0596581550771411
3.5472197162999315,15.64251626732569,0.0074887041352592505,0.0114802175899965,0.0596581550771411
6.673143355312551,26.17907977069472,0.0050004877179996,0.0060910388871545,0.0596581550771411
19.792501435228395,14.192485850303438,0.0074887041352592505,0.0114802175899965,0.0596581550771411
4.224769372843508,26.608792280800515,0.0049159697633455,0.0066052424388719,0.0394112474818084
3.3857180116109014,29.916498876867596,0.0030651218572422,0.0052056790250066,0.0148193897083013
1.6229110911931404,23.39950469847785,0.0025692276669426,0.0038412294764591,0.0254707411709191
2.431908142113665,23.78708272907237,0.003004659822188,0.0042282550055503,0.0596581550771411
19.792501435228395,12.86215574509423,0.0074887041352592505,0.0104654436052174,0.0596581550771411
19.792501435228395,32.08976769787855,0.0034761572643088,0.0048998941507665,0.025348041980509
12.039447906909713,24.35177422159315,0.0034076203673383,0.0058435032850273,0.0252074551137463
1.2883402838483164,33.30947460822698,0.0020246451497739,0.0032229859839865,0.0104136163474271
9.926404769674251,18.936646535469,0.0074887041352592505,0.0114802175899965,0.0428845670317054
5.308809749530737,14.337235363028531,0.0074887041352592505,0.0114802175899965,0.0596581550771411
1.8178381930357408,18.789500968203697,0.0038560496232646,0.0066119509934602,0.038186306133939
19.792501435228395,27.82795468774268,0.0044851668974827,0.0064453415315651,0.0207944846427106
1.3888256941625958,32.84899882644988,0.0015005602962706,0.002452845470079,0.009874671356152
10.53738630579013,15.576064901735728,0.0074887041352592505,0.0114802175899965,0.0596581550771411
2.1360932952721363,26.114673380213432,0.0021977823216947,0.0033989574332464,0.0280724456641241
7.550869916026199,30.31041932920577,0.0035880966209345,0.0032415565074675,0.0380961854546425
3.5992400087965,21.1059328295445,0.0036118244387564,0.0063580019511348,0.0275844131187892
19.792501435228395,11.993215952311257,0.0042931854375483,0.0072869817408058,0.0596581550771411
3.843913324781948,24.509842846568837,0.0033536375634775,0.0047359008859572,0.0282611919200281
2.187882444879927,11.258900080163253,0.0068732387905732,0.0114802175899965,0.0596581550771411
19.792501435228395,20.832611435244992,0.0053360886570882,0.0094966329540443,0.0378775511200419
19.792501435228395,8.355748262263004,0.0074887041352592505,0.0114802175899965,0.0487001591423405
3.0786085122053573,23.657207037968995,0.0034464349024911,0.004365614958975,0.0294338821553764
12.606527692100984,19.59351368551814,0.0074887041352592505,0.0114802175899965,0.0596581550771411
1.933409224463616,16.969567102810807,0.0074887041352592505,0.0114802175899965,0.0439062648874198
1.7366934735017812,16.236017798022495,0.0041061190783845,0.0064397536774185,0.0568250281973293
4.858495496179708,19.224660903882807,0.0039667457032409,0.0056865283012495,0.0386396846140276
3.029457664974177,8.74391930106595,0.0074887041352592505,0.0114802175899965,0.0596581550771411
3.269790255754174,15.425939232578434,0.0074887041352592505,0.0114802175899965,0.0596581550771411
19.792501435228395,17.230470425061213,0.0074887041352592505,0.0114802175899965,0.0596581550771411
13.23436386020324,23.984879116972262,0.002244606547298,0.0036437757181393,0.0162390801149201
19.792501435228395,20.90182713668993,0.004815808922836,0.0080648350733197,0.0452636066349702
2.431060903083496,15.305044692531164,0.0061115437481567,0.0093998841802679,0.0596581550771411
2.1614723339522097,26.577670458231367,0.002351956462099,0.0037769777331755,0.0185978134967063
4.961746042254879,29.427957569716096,0.0014943160509031,0.0021427447058034,0.0215293645952515
3.899105600534248,17.167879342064722,0.0074887041352592505,0.0114802175899965,0.0596581550771411
17.55984678052153,20.605339580406508,0.0029295251031249,0.0045141604142707,0.0301124016223233
19.792501435228395,21.09518076496925,0.0053774844704388,0.0071595400782817,0.0403918975751853
19.792501435228395,24.912748514991076,0.0029953448070924,0.0053064233577417,0.0165239553190686
2.1101932090341564,23.81951802369816,0.0029765872410814,0.0040184988224761,0.0323976263850984
2.4551923320597475,25.932239503830885,0.0036186644148782,0.005156443613734,0.0257954649108443
2.863957382737251,26.26842255234953,0.0035012055812248,0.005702086819845,0.0246041058894064
19.792501435228395,26.64539760299519,0.0034631191985473,0.0050725270458053,0.0462582876270938
18.504269338005244,16.7668204185696,0.0048923545718925,0.00724491272768,0.043560502042803
2.0119037484704543,26.64439179420945,0.0029434648956444,0.0043382967178182,0.0379528302425762
1.9325698781791865,33.30947460822698,0.0015581377743795,0.0021755650079016,0.0135410830043956
2.1247305949622683,26.462494565945043,0.0028988223222349,0.0036913152046962,0.0596581550771411
19.792501435228395,12.983748527664543,0.0074887041352592505,0.0114802175899965,0.0596581550771411
19.792501435228395,23.17651948628553,0.0056737333974662,0.010056332656922,0.0332330675835343
1.6616866964056431,23.507429373214,0.0022129344729553,0.002665830375447,0.0326151212552962
10.159729894964682,25.256205735748384,0.0063053266790506,0.0086847205944722,0.0395818546821969
19.792501435228395,25.030268449081404,0.0039103791160394,0.0065757140272484,0.0231908094160484
19.792501435228395,11.371432152579438,0.0074887041352592505,0.0114802175899965,0.0596581550771411
1.8967320924981816,21.64320261549411,0.0054453232532703,0.0085260314219025,0.0587531784224981
1.3387064002191955,21.89539888567652,0.0051097439540858,0.007772205385898,0.0464988939074902
2.336109281458422,26.73684073100648,0.0028197525042749,0.004492612659121,0.0274033897182351
4.706331501638997,24.328620181687647,0.0037362776265325,0.0046145553235392,0.0491680170187034
4.7104192045415,18.37779773992903,0.0038284561037549,0.0055635742028832,0.0596581550771411
2.708179164260266,30.66012810431484,0.0021251979827819,0.0032943197362424,0.0233099970922993
7.196397873143679,19.743779634176548,0.0042126585973713,0.0045384819542034,0.0422257271478791
19.792501435228395,13.278328257345208,0.0065939177234356,0.0105813361122627,0.0596581550771411
3.427126993959265,24.633605018520758,0.0045897995059526,0.0049419618430141,0.0526877438472045
19.792501435228395,23.85841911967473,0.0026662472996782,0.004033352402178,0.0551262760222074
2.617006466860447,22.636597029401564,0.0070978719587464,0.0114802175899965,0.0258174941729717
19.792501435228395,30.359807427998827,0.0055433051275002,0.010159758076949,0.0181118409580023
1.8579939610052207,30.34036822739632,0.0023413549974631,0.0035980944937396,0.0187516117409612
7.426008578823596,32.46288617854975,0.0038305278699941,0.006504296117317,0.0207865416584289
2.562023365139181,33.30947460822698,0.0020668277099921,0.0033433017837481,0.0157359960429031
2.1430718668883144,25.02049322281994,0.0040253554513983,0.0060820791239335,0.025353018653578
7.495893577799189,22.504073032481585,0.0032864872819623,0.0057750416522878,0.0596581550771411
9.384893844533757,27.319279914941475,0.0060541973858882,0.0050898369681839,0.0525533608780186
4.112813884335128,24.97707051142453,0.0046982895929609,0.0086924341319949,0.0347259451393757
19.792501435228395,9.456877993571103,0.0074887041352592505,0.0114802175899965,0.0596581550771411
4.987791480679325,19.44396061580101,0.0055690941955228,0.0082948860651517,0.0551776865036464
19.792501435228395,19.54595678638329,0.0055797009474806,0.0084020070421071,0.0596581550771411
2.251698299003536,18.4860259549283,0.0038698769034872,0.005909753169775,0.0353595623006587
19.792501435228395,8.36969535735708,0.0074887041352592505,0.0114802175899965,0.0596581550771411
1.910624436989898,29.20093978807028,0.002231276002179,0.0028629842216854,0.0280749712081075
1.695549834314755,18.6440782253743,0.005970892184039,0.0103677039821146,0.059223098124157
19.792501435228395,11.571169525552188,0.0074887041352592505,0.0114802175899965,0.0596581550771411
15.838488264289085,28.94297878973356,0.0029473075847912,0.0036160300207785,0.0275263347815293
1.225729584025474,18.80532744502748,0.0031842271254221,0.0048260820809296,0.0369114398518531
2.0890161253020434,33.30947460822698,0.0019853318973008,0.0028214980765489,0.0162206799102777
2.8613816457436028,19.01788350005852,0.0049411084621513,0.0090178738635054,0.0536473787151125
1.271957394392607,18.72904185823303,0.0030603556394759,0.0049318907952459,0.0596581550771411
3.614891719768063,28.412913724754816,0.0034400077030939,0.0059962155984934,0.0217454879472161
6.987044124306183,25.74423693836277,0.003164009439451,0.003604790782704,0.027397317374021
19.792501435228395,12.177318164127264,0.0074887041352592505,0.0114802175899965,0.0596581550771411
2.339714217525816,21.313585213492868,0.0036044783101321,0.0057223407715199,0.0292718171568992
3.5421810179291464,19.2378694832673,0.0027043668479929,0.0037549358456414,0.0518658249369578
11.288969755752714,23.968559885348945,0.0069839914237832,0.0114802175899965,0.0329164014717546
19.792501435228395,16.75172401103389,0.0074887041352592505,0.0112433687882011,0.0596581550771411
2.089590479071041,23.664667152374605,0.0035715431628008,0.0055805483508747,0.0356621436065335
5.452703066861905,11.88253835652087,0.0074887041352592505,0.0114802175899965,0.0596581550771411
1.3016756390140545,32.16949842464956,0.0021197600619239,0.002269739953855,0.0279677667086033
2.0199470720167847,30.36705977970141,0.0037846932900775,0.0067813592342304,0.0182925445474496
4.6847194478661,33.30947460822698,0.0021136662274732,0.0030765408805009,0.0185974676304538
1.6438914800293585,31.82605629267904,0.0023008994523362,0.0037761136749092,0.0120164170528688
2.581224382819795,19.69708296697876,0.0049451044998778,0.0079913054783417,0.0559008412110328
19.792501435228395,30.48000858966875,0.0039794665602104,0.0069806065236969,0.0167877552689182
19.792501435228395,10.651122829983152,0.0074887041352592505,0.0114802175899965,0.0596581550771411
8.07876492592792,19.41688478530621,0.0074887041352592505,0.0114802175899965,0.0596581550771411
1.843441917964848,17.31727363917427,0.0068355604257478,0.0114802175899965,0.0331155001578546
19.792501435228395,14.999521936024252,0.0074887041352592505,0.0114802175899965,0.0596581550771411
15.021993184053787,29.673203786517515,0.0035589536529026,0.0059322559807784,0.0144970268486118
12.615892825896577,23.260770447275466,0.0064923578435646,0.0094356129307027,0.029376565702105
1.641180299698504,19.26430647872314,0.0054546975956091,0.0090260698035778,0.0478935403873643
1.893010512959128,18.05554282107261,0.0037254174600458,0.0055485282185739,0.0552128435904706
16.391092045304017,21.43406722475733,0.004002378636703,0.0068664815347677,0.0276777123221503
19.792501435228395,12.433800994853875,0.0040407705496827,0.0063467144265472,0.0596581550771411
19.74590576871141,25.26923290443094,0.0033288025592736,0.0046634854824961,0.0295729919046079
1.4092891180648013,24.413257372074572,0.0034924020153168,0.0062721711358932,0.0232816565340719
13.064413738550405,27.88365099994575,0.0049566636827491,0.0047096216263946,0.0436692231781891
8.00339379192628,9.82166252009048,0.0057504267232706,0.0079235259887051,0.0596581550771411
19.792501435228395,26.113794507359582,0.0055781207851859,0.0078931809502494,0.0433920392895001
19.792501435228395,8.60040662552311,0.0074887041352592505,0.0114802175899965,0.0596581550771411
19.792501435228395,23.50745940763874,0.0031217009129962,0.0050359440844359,0.0314275286456713
8.516325571451587,20.379335913021404,0.0049749931748838,0.0080953169097355,0.039394660187469
4.954191096342668,21.056363227597952,0.0053683942123816,0.0055866771499661,0.0496723391582217
19.792501435228395,21.147219350563223,0.0074887041352592505,0.0114802175899965,0.0596581550771411
2.6242507776324664,30.95691651211913,0.0025583319176002,0.0036784968873005,0.0179042292186836
3.384929236809453,23.32770964337003,0.0021756116111487,0.003139304318323,0.0596581550771411
2.5264101237658747,26.478973534747634,0.0028498726508025,0.0038781537162667,0.0298091073989387
1.392359490913721,24.982775854914404,0.0027255656327501,0.0047926271006236,0.0140867183514522
2.2235170566810045,25.438330323812835,0.0027501977084091,0.00479963792595,0.0330388633077552
1.3502278370254313,30.77438833147884,0.0021186322406407,0.0020357804344453,0.0281901520261178
2.010891615237665,29.53388753121373,0.0017890887915247,0.0027644945839072,0.0237892044310739
19.792501435228395,17.536276873703528,0.0074887041352592505,0.0114802175899965,0.0477027017396047
7.1830236864937085,21.51064909947345,0.0067152293491346,0.0066813868349515,0.0469099203044064
19.792501435228395,24.82956665001525,0.0032686855833238,0.0053615115384144,0.0342040840310111
3.51997540942869,13.407288581767784,0.0058857981110415,0.0093082157980498,0.0596581550771411
2.1150337289428798,20.75103974248652,0.0047335259056424,0.008411895076385,0.0307758228771317
2.007146086816364,20.360002264461592,0.0031357775049839,0.0039152650832146,0.0527730835435424
7.462217466185272,19.815615501367983,0.0031466005875532,0.0041874163920506,0.0506115043138049
6.154187614853038,24.409545934394508,0.0055297205754147,0.0063669714442825,0.0576749316069999
19.792501435228395,13.734136408866412,0.0074887041352592505,0.0114802175899965,0.0596581550771411
18.007040942279577,22.76401211991344,0.0039297993972152,0.0064231463361174,0.022030082583903
15.841944505993157,31.0499529918722,0.0026370860449226,0.0039998494080465,0.016924157870399
3.4199078158567464,14.176359991016046,0.0065564696850834,0.0109254826170923,0.0596581550771411
19.792501435228395,12.890455147701775,0.0074887041352592505,0.0114802175899965,0.0596581550771411
5.931401379808038,14.642913264384475,0.0074887041352592505,0.0114802175899965,0.0596581550771411
12.984675292846283,25.06634323857112,0.0060381573855241,0.0093610222580948,0.0311874304689818
